[
    {
        "Universidad":"Centros autorizados para impartir Enseñanzas Artísticas Superiores",
        "Código":99,
        "Acrónimo":null,
        "Tipo":"Privada",
        "CIF":null,
        "Con ánimo de lucro":null,
        "Modalidad":null,
        "Administración Educativa Responsable":"Estado",
        "Domicilio":null,
        "Código postal":null,
        "Localidad":"Madrid",
        "Municipio":"Madrid",
        "Provincia":"Madrid",
        "Comunidad Autónoma":"Comunidad de Madrid",
        "URL":null,
        "EMail":null,
        "Teléfono 1":null,
        "Tipo Boletín":"No publicado o Publicación desconocida",
        "Año publicación":2022,
        "Tipo disposición":"No consta",
        "Fecha disposición":"2022-03-09",
        "Fecha publicación":"2022-03-09",
        "Fecha entrada en Vigor":"2022-03-09"
    },
    {
        "Universidad":"Centros dependientes del Ministerio de Defensa",
        "Código":86,
        "Acrónimo":null,
        "Tipo":"Pública",
        "CIF":null,
        "Con ánimo de lucro":"No",
        "Modalidad":null,
        "Administración Educativa Responsable":"Estado",
        "Domicilio":null,
        "Código postal":null,
        "Localidad":"Madrid",
        "Municipio":"Madrid",
        "Provincia":"Madrid",
        "Comunidad Autónoma":"Comunidad de Madrid",
        "URL":null,
        "EMail":null,
        "Teléfono 1":null,
        "Tipo Boletín":"No publicado o Publicación desconocida",
        "Año publicación":2019,
        "Tipo disposición":"No consta",
        "Fecha disposición":"2019-02-06",
        "Fecha publicación":"2019-02-06",
        "Fecha entrada en Vigor":"2019-02-06"
    },
    {
        "Universidad":"Centros extranjeros autorizados por la Comunidad Autónoma de Aragón",
        "Código":105,
        "Acrónimo":null,
        "Tipo":"Pública",
        "CIF":null,
        "Con ánimo de lucro":null,
        "Modalidad":null,
        "Administración Educativa Responsable":"Comunidad Autónoma de Aragón",
        "Domicilio":null,
        "Código postal":null,
        "Localidad":"Zaragoza",
        "Municipio":"Zaragoza",
        "Provincia":"Zaragoza",
        "Comunidad Autónoma":"Comunidad Autónoma de Aragón",
        "URL":null,
        "EMail":null,
        "Teléfono 1":null,
        "Tipo Boletín":"Boletín Oficial de Aragón",
        "Año publicación":2000,
        "Tipo disposición":"Decreto Autonómico",
        "Fecha disposición":"2000-01-18",
        "Fecha publicación":"2000-01-31",
        "Fecha entrada en Vigor":"2000-02-01"
    },
    {
        "Universidad":"Centros extranjeros autorizados por la Comunidad Autónoma de Cantabria",
        "Código":92,
        "Acrónimo":null,
        "Tipo":"Pública",
        "CIF":null,
        "Con ánimo de lucro":null,
        "Modalidad":null,
        "Administración Educativa Responsable":"Comunidad Autónoma de Cantabria",
        "Domicilio":null,
        "Código postal":null,
        "Localidad":"Santander",
        "Municipio":"Santander",
        "Provincia":"Cantabria",
        "Comunidad Autónoma":"Comunidad Autónoma de Cantabria",
        "URL":null,
        "EMail":null,
        "Teléfono 1":null,
        "Tipo Boletín":"No publicado o Publicación desconocida",
        "Año publicación":2020,
        "Tipo disposición":"No consta",
        "Fecha disposición":"2020-03-03",
        "Fecha publicación":"2020-03-03",
        "Fecha entrada en Vigor":"2020-03-03"
    },
    {
        "Universidad":"Centros extranjeros autorizados por la Comunidad Autónoma de Cataluña",
        "Código":101,
        "Acrónimo":null,
        "Tipo":"Pública",
        "CIF":null,
        "Con ánimo de lucro":null,
        "Modalidad":null,
        "Administración Educativa Responsable":"Comunidad Autónoma de Cataluña",
        "Domicilio":null,
        "Código postal":null,
        "Localidad":"Barcelona",
        "Municipio":"Barcelona",
        "Provincia":"Barcelona",
        "Comunidad Autónoma":"Comunidad Autónoma de Cataluña",
        "URL":null,
        "EMail":null,
        "Teléfono 1":null,
        "Tipo Boletín":"Diari Oficial de la Generalitat de Catalunya",
        "Año publicación":2022,
        "Tipo disposición":"Resol.\/Edicto de una Admón. Autonómica",
        "Fecha disposición":"2022-11-29",
        "Fecha publicación":"2022-12-13",
        "Fecha entrada en Vigor":"2022-12-14"
    },
    {
        "Universidad":"Centros extranjeros autorizados por la Comunidad Autónoma del País Vasco",
        "Código":95,
        "Acrónimo":null,
        "Tipo":"Pública",
        "CIF":null,
        "Con ánimo de lucro":null,
        "Modalidad":null,
        "Administración Educativa Responsable":null,
        "Domicilio":null,
        "Código postal":null,
        "Localidad":"Bilbao",
        "Municipio":"Bilbao",
        "Provincia":"Bizkaia",
        "Comunidad Autónoma":"Comunidad Autónoma del País Vasco",
        "URL":null,
        "EMail":null,
        "Teléfono 1":null,
        "Tipo Boletín":"No publicado o Publicación desconocida",
        "Año publicación":2021,
        "Tipo disposición":"No consta",
        "Fecha disposición":"2021-02-18",
        "Fecha publicación":"2021-02-18",
        "Fecha entrada en Vigor":"2021-02-18"
    },
    {
        "Universidad":"Centros extranjeros autorizados por la Comunidad de Andalucía",
        "Código":93,
        "Acrónimo":null,
        "Tipo":"Pública",
        "CIF":null,
        "Con ánimo de lucro":null,
        "Modalidad":null,
        "Administración Educativa Responsable":null,
        "Domicilio":null,
        "Código postal":null,
        "Localidad":"Sevilla",
        "Municipio":"Sevilla",
        "Provincia":"Sevilla",
        "Comunidad Autónoma":"Comunidad Autónoma de Andalucía",
        "URL":null,
        "EMail":null,
        "Teléfono 1":null,
        "Tipo Boletín":"No publicado o Publicación desconocida",
        "Año publicación":2020,
        "Tipo disposición":"No consta",
        "Fecha disposición":"2020-06-01",
        "Fecha publicación":"2020-06-01",
        "Fecha entrada en Vigor":"2020-06-01"
    },
    {
        "Universidad":"Centros extranjeros autorizados por la Comunidad de Madrid",
        "Código":91,
        "Acrónimo":null,
        "Tipo":"Pública",
        "CIF":null,
        "Con ánimo de lucro":null,
        "Modalidad":null,
        "Administración Educativa Responsable":"Comunidad de Madrid",
        "Domicilio":null,
        "Código postal":null,
        "Localidad":"Madrid",
        "Municipio":"Madrid",
        "Provincia":"Madrid",
        "Comunidad Autónoma":"Comunidad de Madrid",
        "URL":null,
        "EMail":null,
        "Teléfono 1":null,
        "Tipo Boletín":"No publicado o Publicación desconocida",
        "Año publicación":2020,
        "Tipo disposición":"No consta",
        "Fecha disposición":"2020-02-27",
        "Fecha publicación":"2020-02-27",
        "Fecha entrada en Vigor":"2020-02-27"
    },
    {
        "Universidad":"Centros extranjeros autorizados por la Comunidad Valenciana",
        "Código":96,
        "Acrónimo":null,
        "Tipo":"Pública",
        "CIF":null,
        "Con ánimo de lucro":null,
        "Modalidad":null,
        "Administración Educativa Responsable":null,
        "Domicilio":null,
        "Código postal":null,
        "Localidad":"Valencia",
        "Municipio":"València",
        "Provincia":"Valencia\/València",
        "Comunidad Autónoma":"Comunidad Valenciana",
        "URL":null,
        "EMail":null,
        "Teléfono 1":null,
        "Tipo Boletín":"Diari Oficial de la Generalitat Valenciana",
        "Año publicación":2012,
        "Tipo disposición":"Resol.\/Edicto de una Admón. Autonómica",
        "Fecha disposición":"2012-07-27",
        "Fecha publicación":"2012-08-16",
        "Fecha entrada en Vigor":"2012-08-17"
    },
    {
        "Universidad":"CUNEF Universidad",
        "Código":89,
        "Acrónimo":"CUNEF",
        "Tipo":"Privada",
        "CIF":"B86969235",
        "Con ánimo de lucro":"Sí",
        "Modalidad":"Presencial",
        "Administración Educativa Responsable":"Comunidad de Madrid",
        "Domicilio":"Calle Almansa, 101",
        "Código postal":28040.0,
        "Localidad":"Madrid",
        "Municipio":"Madrid",
        "Provincia":"Madrid",
        "Comunidad Autónoma":"Comunidad de Madrid",
        "URL":"www.cunef.edu",
        "EMail":null,
        "Teléfono 1":"91 444 51 61",
        "Tipo Boletín":"Boletín Oficial de la Comunidad de Madrid",
        "Año publicación":2019,
        "Tipo disposición":"Ley Autonómica",
        "Fecha disposición":"2019-03-27",
        "Fecha publicación":"2019-03-28",
        "Fecha entrada en Vigor":"2019-03-29"
    },
    {
        "Universidad":"ESIC Universidad",
        "Código":87,
        "Acrónimo":"ESIC",
        "Tipo":"Privada",
        "CIF":"G87046124",
        "Con ánimo de lucro":"No",
        "Modalidad":"Presencial",
        "Administración Educativa Responsable":"Comunidad de Madrid",
        "Domicilio":"Avenida Valdenigrales s\/n",
        "Código postal":28223.0,
        "Localidad":"Pozuelo de Alarcón",
        "Municipio":"Pozuelo de Alarcón",
        "Provincia":"Madrid",
        "Comunidad Autónoma":"Comunidad de Madrid",
        "URL":"www.esic.edu\/university\/",
        "EMail":null,
        "Teléfono 1":"914524167",
        "Tipo Boletín":"Boletín Oficial de la Comunidad de Madrid",
        "Año publicación":2019,
        "Tipo disposición":"Ley Autonómica",
        "Fecha disposición":"2019-03-20",
        "Fecha publicación":"2019-03-28",
        "Fecha entrada en Vigor":"2019-03-29"
    },
    {
        "Universidad":"IE Universidad",
        "Código":57,
        "Acrónimo":"IE",
        "Tipo":"Privada",
        "CIF":"G40155384",
        "Con ánimo de lucro":"No",
        "Modalidad":"Presencial",
        "Administración Educativa Responsable":"Comunidad de Castilla y León",
        "Domicilio":"C\/ Cardenal Zúñiga, 12",
        "Código postal":40003.0,
        "Localidad":"Segovia",
        "Municipio":"Segovia",
        "Provincia":"Segovia",
        "Comunidad Autónoma":"Comunidad de Castilla y León",
        "URL":"www.ie.edu\/universidad",
        "EMail":"universidad@ie.edu",
        "Teléfono 1":"921412410",
        "Tipo Boletín":"Boletín Oficial del Estado",
        "Año publicación":1997,
        "Tipo disposición":"Ley Estatal",
        "Fecha disposición":"1997-07-01",
        "Fecha publicación":"1997-07-01",
        "Fecha entrada en Vigor":"1997-07-02"
    },
    {
        "Universidad":"IE Universidad Madrid",
        "Código":109,
        "Acrónimo":null,
        "Tipo":"Privada",
        "CIF":null,
        "Con ánimo de lucro":null,
        "Modalidad":"Presencial",
        "Administración Educativa Responsable":"Comunidad de Madrid",
        "Domicilio":null,
        "Código postal":null,
        "Localidad":"Madrid",
        "Municipio":"Madrid",
        "Provincia":"Madrid",
        "Comunidad Autónoma":"Comunidad de Madrid",
        "URL":null,
        "EMail":null,
        "Teléfono 1":null,
        "Tipo Boletín":"Boletín Oficial de la Comunidad de Madrid",
        "Año publicación":2025,
        "Tipo disposición":"Ley Autonómica",
        "Fecha disposición":"2025-12-17",
        "Fecha publicación":"2025-12-19",
        "Fecha entrada en Vigor":"2025-12-20"
    },
    {
        "Universidad":"Mondragón Unibertsitatea",
        "Código":61,
        "Acrónimo":"UMON",
        "Tipo":"Privada",
        "CIF":"F20560991",
        "Con ánimo de lucro":"No",
        "Modalidad":"Presencial",
        "Administración Educativa Responsable":"Comunidad Autónoma del País Vasco",
        "Domicilio":"Loramendi, 4. Apartado 23",
        "Código postal":20500.0,
        "Localidad":"Arrasate\/Mondragón",
        "Municipio":"Arrasate\/Mondragón",
        "Provincia":"Gipuzkoa",
        "Comunidad Autónoma":"Comunidad Autónoma del País Vasco",
        "URL":"www.mondragon.edu",
        "EMail":null,
        "Teléfono 1":"943712185",
        "Tipo Boletín":"Boletín Oficial del País Vasco",
        "Año publicación":1997,
        "Tipo disposición":"Ley Estatal",
        "Fecha disposición":"1997-06-19",
        "Fecha publicación":"1997-06-19",
        "Fecha entrada en Vigor":"1997-06-20"
    },
    {
        "Universidad":"Otros Centros de Nivel Universitario",
        "Código":0,
        "Acrónimo":null,
        "Tipo":"Privada",
        "CIF":"Q0000000J",
        "Con ánimo de lucro":"No",
        "Modalidad":null,
        "Administración Educativa Responsable":"Estado",
        "Domicilio":null,
        "Código postal":null,
        "Localidad":"Madrid",
        "Municipio":"Madrid",
        "Provincia":"Madrid",
        "Comunidad Autónoma":"Comunidad de Madrid",
        "URL":null,
        "EMail":null,
        "Teléfono 1":null,
        "Tipo Boletín":"No publicado o Publicación desconocida",
        "Año publicación":2011,
        "Tipo disposición":"No consta",
        "Fecha disposición":"2011-04-15",
        "Fecha publicación":"2011-04-15",
        "Fecha entrada en Vigor":null
    },
    {
        "Universidad":"Universidad a Distancia de Madrid",
        "Código":74,
        "Acrónimo":"UDIMA",
        "Tipo":"Privada",
        "CIF":"A81618894",
        "Con ánimo de lucro":"Sí",
        "Modalidad":"No Presencial",
        "Administración Educativa Responsable":"Comunidad de Madrid",
        "Domicilio":"Carretera de La Coruña, KM.38,500 Vía de Servicio, nº 15",
        "Código postal":28400.0,
        "Localidad":"Collado Villalba",
        "Municipio":"Collado Villalba",
        "Provincia":"Madrid",
        "Comunidad Autónoma":"Comunidad de Madrid",
        "URL":"www.udima.es",
        "EMail":null,
        "Teléfono 1":"918561699",
        "Tipo Boletín":"Boletín Oficial de la Comunidad de Madrid",
        "Año publicación":2006,
        "Tipo disposición":"Ley Estatal",
        "Fecha disposición":"2006-06-28",
        "Fecha publicación":"2006-06-28",
        "Fecha entrada en Vigor":"2006-06-29"
    },
    {
        "Universidad":"Universidad Alfonso X El Sabio",
        "Código":47,
        "Acrónimo":"UAX",
        "Tipo":"Privada",
        "CIF":"A78518529",
        "Con ánimo de lucro":"Sí",
        "Modalidad":"Presencial",
        "Administración Educativa Responsable":"Comunidad de Madrid",
        "Domicilio":"Campus de Villanueva de la Cañada. Avenida de la Universidad, 1",
        "Código postal":28691.0,
        "Localidad":"Villanueva de la Cañada",
        "Municipio":"Villanueva de la Cañada",
        "Provincia":"Madrid",
        "Comunidad Autónoma":"Comunidad de Madrid",
        "URL":"www.uax.es",
        "EMail":"info@uax.es",
        "Teléfono 1":"918109200",
        "Tipo Boletín":"Boletín Oficial del Estado",
        "Año publicación":1993,
        "Tipo disposición":"Ley Estatal",
        "Fecha disposición":"1993-04-20",
        "Fecha publicación":"1993-04-20",
        "Fecha entrada en Vigor":"1993-04-21"
    },
    {
        "Universidad":"Universidad Alfonso X el Sabio Mare Nostrum",
        "Código":106,
        "Acrónimo":null,
        "Tipo":"Privada",
        "CIF":"A78518529",
        "Con ánimo de lucro":null,
        "Modalidad":"Presencial",
        "Administración Educativa Responsable":"Comunidad Autónoma de Andalucía",
        "Domicilio":"Cam. de la Térmica, 90",
        "Código postal":29004.0,
        "Localidad":"Málaga",
        "Municipio":"Málaga",
        "Provincia":"Málaga",
        "Comunidad Autónoma":"Comunidad Autónoma de Andalucía",
        "URL":"29004",
        "EMail":null,
        "Teléfono 1":null,
        "Tipo Boletín":"Boletín Oficial de la Junta de Andalucía",
        "Año publicación":2024,
        "Tipo disposición":"Ley Autonómica",
        "Fecha disposición":"2024-07-26",
        "Fecha publicación":"2024-08-06",
        "Fecha entrada en Vigor":"2024-08-07"
    },
    {
        "Universidad":"Universidad Antonio de Nebrija",
        "Código":52,
        "Acrónimo":"UANE",
        "Tipo":"Privada",
        "CIF":"A78094158",
        "Con ánimo de lucro":"Sí",
        "Modalidad":"Presencial",
        "Administración Educativa Responsable":"Comunidad de Madrid",
        "Domicilio":"Campus de La Berzosa. Calle Hostal, s\/n",
        "Código postal":28240.0,
        "Localidad":"Hoyo de Manzanares",
        "Municipio":"Hoyo de Manzanares",
        "Provincia":"Madrid",
        "Comunidad Autónoma":"Comunidad de Madrid",
        "URL":"www.nebrija.com",
        "EMail":"informa@nebrija.es",
        "Teléfono 1":"902321322",
        "Tipo Boletín":"Boletín Oficial del Estado",
        "Año publicación":1995,
        "Tipo disposición":"Ley Estatal",
        "Fecha disposición":"1995-07-18",
        "Fecha publicación":"1995-07-18",
        "Fecha entrada en Vigor":"1995-07-19"
    },
    {
        "Universidad":"Universidad Autónoma de Barcelona",
        "Código":22,
        "Acrónimo":"UAB",
        "Tipo":"Pública",
        "CIF":"Q0818002H",
        "Con ánimo de lucro":"No",
        "Modalidad":"Presencial",
        "Administración Educativa Responsable":"Comunidad Autónoma de Cataluña",
        "Domicilio":"Campus de Bellaterra",
        "Código postal":8193.0,
        "Localidad":"Cerdanyola del Vallès",
        "Municipio":"Cerdanyola del Vallès",
        "Provincia":"Barcelona",
        "Comunidad Autónoma":"Comunidad Autónoma de Cataluña",
        "URL":"www.uab.es",
        "EMail":"informacio@uab.es",
        "Teléfono 1":"935811000",
        "Tipo Boletín":"Boletín Oficial del Estado",
        "Año publicación":1968,
        "Tipo disposición":"Decreto",
        "Fecha disposición":"1968-06-07",
        "Fecha publicación":"1968-06-07",
        "Fecha entrada en Vigor":"1968-06-08"
    },
    {
        "Universidad":"Universidad Autónoma de Madrid",
        "Código":23,
        "Acrónimo":"UAM",
        "Tipo":"Pública",
        "CIF":"Q2818013A",
        "Con ánimo de lucro":"No",
        "Modalidad":"Presencial",
        "Administración Educativa Responsable":"Comunidad de Madrid",
        "Domicilio":"Ciudad Universitaria de Cantoblanco",
        "Código postal":28049.0,
        "Localidad":"Madrid",
        "Municipio":"Madrid",
        "Provincia":"Madrid",
        "Comunidad Autónoma":"Comunidad de Madrid",
        "URL":"www.uam.es",
        "EMail":"informacion.general@uam.es",
        "Teléfono 1":"914975000",
        "Tipo Boletín":"Boletín Oficial del Estado",
        "Año publicación":1968,
        "Tipo disposición":"Decreto",
        "Fecha disposición":"1968-06-07",
        "Fecha publicación":"1968-06-07",
        "Fecha entrada en Vigor":"1968-06-08"
    },
    {
        "Universidad":"Universidad Camilo José Cela",
        "Código":65,
        "Acrónimo":"UCJC",
        "Tipo":"Privada",
        "CIF":"A79336947",
        "Con ánimo de lucro":"Sí",
        "Modalidad":"Presencial",
        "Administración Educativa Responsable":"Comunidad de Madrid",
        "Domicilio":"Castillo de Alarcón, 49. Urbanización Villafranca del Castillo",
        "Código postal":28692.0,
        "Localidad":"Villanueva de la Cañada",
        "Municipio":"Villanueva de la Cañada",
        "Provincia":"Madrid",
        "Comunidad Autónoma":"Comunidad de Madrid",
        "URL":"www.ucjc.edu",
        "EMail":"info@ucjc.edu",
        "Teléfono 1":"918153131",
        "Tipo Boletín":"Boletín Oficial del Estado",
        "Año publicación":1999,
        "Tipo disposición":"Ley Estatal",
        "Fecha disposición":"1999-04-16",
        "Fecha publicación":"1999-04-16",
        "Fecha entrada en Vigor":"1999-04-17"
    },
    {
        "Universidad":"Universidad Cardenal Herrera-CEU",
        "Código":67,
        "Acrónimo":"UCH",
        "Tipo":"Privada",
        "CIF":"G28423275",
        "Con ánimo de lucro":"No",
        "Modalidad":"Presencial",
        "Administración Educativa Responsable":"Comunidad Valenciana",
        "Domicilio":"C\/Assegadors, 2",
        "Código postal":46115.0,
        "Localidad":"Alfara del Patriarca",
        "Municipio":"Alfara del Patriarca",
        "Provincia":"Valencia\/València",
        "Comunidad Autónoma":"Comunidad Valenciana",
        "URL":"www.uchceu.es\/",
        "EMail":null,
        "Teléfono 1":"961369000",
        "Tipo Boletín":"Diari Oficial de la Generalitat Valenciana",
        "Año publicación":1999,
        "Tipo disposición":"Ley Estatal",
        "Fecha disposición":"1999-12-07",
        "Fecha publicación":"1999-12-07",
        "Fecha entrada en Vigor":"1999-12-08"
    },
    {
        "Universidad":"Universidad Carlos III de Madrid",
        "Código":36,
        "Acrónimo":"UCAR",
        "Tipo":"Pública",
        "CIF":"Q2818029G",
        "Con ánimo de lucro":"No",
        "Modalidad":"Presencial",
        "Administración Educativa Responsable":"Comunidad de Madrid",
        "Domicilio":"Calle Madrid, 126-128",
        "Código postal":28903.0,
        "Localidad":"Getafe",
        "Municipio":"Getafe",
        "Provincia":"Madrid",
        "Comunidad Autónoma":"Comunidad de Madrid",
        "URL":"www.uc3m.es",
        "EMail":"futurosestudiantes@uc3m.es",
        "Teléfono 1":"916249500",
        "Tipo Boletín":"Boletín Oficial del Estado",
        "Año publicación":1989,
        "Tipo disposición":"Ley Estatal",
        "Fecha disposición":"1989-05-06",
        "Fecha publicación":"1989-05-06",
        "Fecha entrada en Vigor":"1989-05-07"
    },
    {
        "Universidad":"Universidad Católica de Valencia San Vicente Mártir",
        "Código":72,
        "Acrónimo":"UCV",
        "Tipo":"Privada (de la Iglesia Católica)",
        "CIF":"G97025787",
        "Con ánimo de lucro":"No",
        "Modalidad":"Presencial",
        "Administración Educativa Responsable":"Comunidad Valenciana",
        "Domicilio":"Calle Guillem de Castro, 94",
        "Código postal":46001.0,
        "Localidad":"Valencia",
        "Municipio":"València",
        "Provincia":"Valencia\/València",
        "Comunidad Autónoma":"Comunidad Valenciana",
        "URL":"www.ucv.es",
        "EMail":null,
        "Teléfono 1":"963637412",
        "Tipo Boletín":"Diari Oficial de la Generalitat Valenciana",
        "Año publicación":2004,
        "Tipo disposición":"Decreto Autonómico",
        "Fecha disposición":"2004-04-19",
        "Fecha publicación":"2004-04-19",
        "Fecha entrada en Vigor":"2004-04-20"
    },
    {
        "Universidad":"Universidad Católica San Antonio",
        "Código":66,
        "Acrónimo":"UCAM",
        "Tipo":"Privada (de la Iglesia Católica)",
        "CIF":"G30626303",
        "Con ánimo de lucro":"No",
        "Modalidad":"Presencial",
        "Administración Educativa Responsable":"Región de Murcia",
        "Domicilio":"Campus de los Jerónimos, s\/n Guadalupe",
        "Código postal":30107.0,
        "Localidad":"Murcia",
        "Municipio":"Murcia",
        "Provincia":"Murcia",
        "Comunidad Autónoma":"Región de Murcia",
        "URL":"www.ucam.edu",
        "EMail":"info@ucam.edu",
        "Teléfono 1":"968278800",
        "Tipo Boletín":"Boletín Oficial de la Región de Murcia",
        "Año publicación":1999,
        "Tipo disposición":"Decreto",
        "Fecha disposición":"1999-06-04",
        "Fecha publicación":"1999-06-04",
        "Fecha entrada en Vigor":"1999-06-05"
    },
    {
        "Universidad":"Universidad Católica Santa Teresa de Jesús de Ávila",
        "Código":59,
        "Acrónimo":"UCAV",
        "Tipo":"Privada (de la Iglesia Católica)",
        "CIF":"R0500336C",
        "Con ánimo de lucro":"No",
        "Modalidad":"Presencial",
        "Administración Educativa Responsable":"Comunidad de Castilla y León",
        "Domicilio":"C\/Canteros,s\/n",
        "Código postal":5005.0,
        "Localidad":"Ávila",
        "Municipio":"Ávila",
        "Provincia":"Ávila",
        "Comunidad Autónoma":"Comunidad de Castilla y León",
        "URL":"www.ucavila.es",
        "EMail":"info@ucavila.es",
        "Teléfono 1":"920251020",
        "Tipo Boletín":"Boletín Oficial de Castilla y León",
        "Año publicación":1998,
        "Tipo disposición":"Real Decreto",
        "Fecha disposición":"1998-06-23",
        "Fecha publicación":"1998-06-23",
        "Fecha entrada en Vigor":"1998-06-24"
    },
    {
        "Universidad":"Universidad CEU Fernando III",
        "Código":102,
        "Acrónimo":"UF3",
        "Tipo":"Privada",
        "CIF":"G90457367",
        "Con ánimo de lucro":null,
        "Modalidad":"Presencial",
        "Administración Educativa Responsable":"Comunidad Autónoma de Andalucía",
        "Domicilio":"Glorieta Angel Herrera Oria, s\/n",
        "Código postal":41930.0,
        "Localidad":"Bormujos",
        "Municipio":"Bormujos",
        "Provincia":"Sevilla",
        "Comunidad Autónoma":"Comunidad Autónoma de Andalucía",
        "URL":"uf3ceu.es",
        "EMail":null,
        "Teléfono 1":null,
        "Tipo Boletín":"Boletín Oficial de la Junta de Andalucía",
        "Año publicación":2023,
        "Tipo disposición":"Ley Autonómica",
        "Fecha disposición":"2023-10-03",
        "Fecha publicación":"2023-10-09",
        "Fecha entrada en Vigor":"2023-10-10"
    },
    {
        "Universidad":"Universidad Complutense de Madrid",
        "Código":10,
        "Acrónimo":"UCM",
        "Tipo":"Pública",
        "CIF":"Q2818014I",
        "Con ánimo de lucro":"No",
        "Modalidad":"Presencial",
        "Administración Educativa Responsable":"Comunidad de Madrid",
        "Domicilio":"Ciudad Universitaria,  s\/n",
        "Código postal":28040.0,
        "Localidad":"Madrid",
        "Municipio":"Madrid",
        "Provincia":"Madrid",
        "Comunidad Autónoma":"Comunidad de Madrid",
        "URL":"www.ucm.es",
        "EMail":"infocom@ucm.es",
        "Teléfono 1":"914520400",
        "Tipo Boletín":"No publicado o Publicación desconocida",
        "Año publicación":1836,
        "Tipo disposición":"Decreto",
        "Fecha disposición":"1836-01-01",
        "Fecha publicación":"1836-01-01",
        "Fecha entrada en Vigor":"1836-01-02"
    },
    {
        "Universidad":"Universidad de A Coruña",
        "Código":37,
        "Acrónimo":"UDC",
        "Tipo":"Pública",
        "CIF":"Q6550005J",
        "Con ánimo de lucro":"No",
        "Modalidad":"Presencial",
        "Administración Educativa Responsable":"Comunidad Autónoma de Galicia",
        "Domicilio":"Calle Maestranza, 9",
        "Código postal":15001.0,
        "Localidad":"A Coruña",
        "Municipio":"Coruña, A",
        "Provincia":"A Coruña",
        "Comunidad Autónoma":"Comunidad Autónoma de Galicia",
        "URL":"www.udc.es",
        "EMail":"reitor@udc.es",
        "Teléfono 1":"981167000",
        "Tipo Boletín":"Diario Oficial de Galicia",
        "Año publicación":1989,
        "Tipo disposición":"Ley Estatal",
        "Fecha disposición":"1989-08-16",
        "Fecha publicación":"1989-08-16",
        "Fecha entrada en Vigor":"1989-08-17"
    },
    {
        "Universidad":"Universidad de Alcalá",
        "Código":29,
        "Acrónimo":"UAH",
        "Tipo":"Pública",
        "CIF":"Q2818018J",
        "Con ánimo de lucro":"No",
        "Modalidad":"Presencial",
        "Administración Educativa Responsable":"Comunidad de Madrid",
        "Domicilio":"Plaza San Diego, s\/n",
        "Código postal":28801.0,
        "Localidad":"Alcalá de Henares",
        "Municipio":"Alcalá de Henares",
        "Provincia":"Madrid",
        "Comunidad Autónoma":"Comunidad de Madrid",
        "URL":"www.uah.es",
        "EMail":"ciu@uah.es",
        "Teléfono 1":"918854000",
        "Tipo Boletín":"Boletín Oficial del Estado",
        "Año publicación":1977,
        "Tipo disposición":"Decreto",
        "Fecha disposición":"1977-06-30",
        "Fecha publicación":"1977-06-30",
        "Fecha entrada en Vigor":"1977-07-01"
    },
    {
        "Universidad":"Universidad de Alicante",
        "Código":1,
        "Acrónimo":"UA",
        "Tipo":"Pública",
        "CIF":"Q0332001G",
        "Con ánimo de lucro":"No",
        "Modalidad":"Presencial",
        "Administración Educativa Responsable":"Comunidad Valenciana",
        "Domicilio":"Carretera San Vicente del Raspeig, s\/n",
        "Código postal":3690.0,
        "Localidad":"San Vicente del Raspeig\/Sant Vicent del Raspeig",
        "Municipio":"Sant Vicent del Raspeig\/San Vicente del Raspeig",
        "Provincia":"Alicante\/Alacant",
        "Comunidad Autónoma":"Comunidad Valenciana",
        "URL":"www.ua.es\/",
        "EMail":"informacio@ua.es",
        "Teléfono 1":"965903400",
        "Tipo Boletín":"Boletín Oficial del Estado",
        "Año publicación":1979,
        "Tipo disposición":"Ley Estatal",
        "Fecha disposición":"1979-10-31",
        "Fecha publicación":"1979-10-31",
        "Fecha entrada en Vigor":"1979-11-01"
    },
    {
        "Universidad":"Universidad de Almería",
        "Código":48,
        "Acrónimo":"UAL",
        "Tipo":"Pública",
        "CIF":"Q5450008G",
        "Con ánimo de lucro":"No",
        "Modalidad":"Presencial",
        "Administración Educativa Responsable":"Comunidad Autónoma de Andalucía",
        "Domicilio":"Carretera Sacramento, s\/n",
        "Código postal":4120.0,
        "Localidad":"La Cañada de San Urbano",
        "Municipio":"Almería",
        "Provincia":"Almería",
        "Comunidad Autónoma":"Comunidad Autónoma de Andalucía",
        "URL":"www.ual.es",
        "EMail":"gprensa@ual.es",
        "Teléfono 1":"950015570",
        "Tipo Boletín":"Boletín Oficial de la Junta de Andalucía",
        "Año publicación":1993,
        "Tipo disposición":"Ley Estatal",
        "Fecha disposición":"1993-07-06",
        "Fecha publicación":"1993-07-06",
        "Fecha entrada en Vigor":"1993-07-07"
    },
    {
        "Universidad":"Universidad de Barcelona",
        "Código":4,
        "Acrónimo":"UBA",
        "Tipo":"Pública",
        "CIF":"Q0818001J",
        "Con ánimo de lucro":"No",
        "Modalidad":"Presencial",
        "Administración Educativa Responsable":"Comunidad Autónoma de Cataluña",
        "Domicilio":"Gran Via de Les Corts Catalanes, 585",
        "Código postal":8007.0,
        "Localidad":"Barcelona",
        "Municipio":"Barcelona",
        "Provincia":"Barcelona",
        "Comunidad Autónoma":"Comunidad Autónoma de Cataluña",
        "URL":"www.ub.es",
        "EMail":"comunicacio@ub.edu",
        "Teléfono 1":"934035417",
        "Tipo Boletín":"No publicado o Publicación desconocida",
        "Año publicación":1450,
        "Tipo disposición":"No consta",
        "Fecha disposición":"1450-11-03",
        "Fecha publicación":"1450-11-03",
        "Fecha entrada en Vigor":"1450-11-04"
    },
    {
        "Universidad":"Universidad de Burgos",
        "Código":51,
        "Acrónimo":"UBU",
        "Tipo":"Pública",
        "CIF":"Q0968272E",
        "Con ánimo de lucro":"No",
        "Modalidad":"Presencial",
        "Administración Educativa Responsable":"Comunidad de Castilla y León",
        "Domicilio":"Hospital del Rey s\/n. Edificio de Rectorado",
        "Código postal":9001.0,
        "Localidad":"Burgos",
        "Municipio":"Burgos",
        "Provincia":"Burgos",
        "Comunidad Autónoma":"Comunidad de Castilla y León",
        "URL":"www.ubu.es",
        "EMail":"ubuestudiantes@ubu.es",
        "Teléfono 1":"947258700",
        "Tipo Boletín":"Boletín Oficial del Estado",
        "Año publicación":1994,
        "Tipo disposición":"Real Decreto",
        "Fecha disposición":"1994-05-27",
        "Fecha publicación":"1994-05-27",
        "Fecha entrada en Vigor":"1994-05-28"
    },
    {
        "Universidad":"Universidad de Cádiz",
        "Código":5,
        "Acrónimo":"UCA",
        "Tipo":"Pública",
        "CIF":"Q1132001G",
        "Con ánimo de lucro":"No",
        "Modalidad":"Presencial",
        "Administración Educativa Responsable":"Comunidad Autónoma de Andalucía",
        "Domicilio":"Calle Ancha, 16",
        "Código postal":11001.0,
        "Localidad":"Cádiz",
        "Municipio":"Cádiz",
        "Provincia":"Cádiz",
        "Comunidad Autónoma":"Comunidad Autónoma de Andalucía",
        "URL":"www.uca.es",
        "EMail":"relaciones.institucionales@uca.es",
        "Teléfono 1":"956015033",
        "Tipo Boletín":"Boletín Oficial del Estado",
        "Año publicación":1979,
        "Tipo disposición":"Ley Estatal",
        "Fecha disposición":"1979-10-31",
        "Fecha publicación":"1979-10-31",
        "Fecha entrada en Vigor":"1979-11-01"
    },
    {
        "Universidad":"Universidad de Cantabria",
        "Código":16,
        "Acrónimo":"UCN",
        "Tipo":"Pública",
        "CIF":"Q3918001C",
        "Con ánimo de lucro":"No",
        "Modalidad":"Presencial",
        "Administración Educativa Responsable":"Comunidad Autónoma de Cantabria",
        "Domicilio":"Avenida de los Castros, s\/n",
        "Código postal":39005.0,
        "Localidad":"Santander",
        "Municipio":"Santander",
        "Provincia":"Cantabria",
        "Comunidad Autónoma":"Comunidad Autónoma de Cantabria",
        "URL":"www.unican.es",
        "EMail":"acceso@unican.es",
        "Teléfono 1":"942200984",
        "Tipo Boletín":"Boletín Oficial del Estado",
        "Año publicación":1972,
        "Tipo disposición":"Decreto",
        "Fecha disposición":"1972-08-18",
        "Fecha publicación":"1972-09-30",
        "Fecha entrada en Vigor":"1972-10-01"
    },
    {
        "Universidad":"Universidad de Castilla-La Mancha",
        "Código":34,
        "Acrónimo":"UCLM",
        "Tipo":"Pública",
        "CIF":"Q1368009E",
        "Con ánimo de lucro":"No",
        "Modalidad":"Presencial",
        "Administración Educativa Responsable":"Comunidad Autónoma de Castilla-La Mancha",
        "Domicilio":"Calle Altagracia, 50",
        "Código postal":13071.0,
        "Localidad":"Ciudad Real",
        "Municipio":"Ciudad Real",
        "Provincia":"Ciudad Real",
        "Comunidad Autónoma":"Comunidad Autónoma de Castilla-La Mancha",
        "URL":"www.uclm.es",
        "EMail":"webmaster@uclm.es",
        "Teléfono 1":"902204100",
        "Tipo Boletín":"Boletín Oficial del Estado",
        "Año publicación":1982,
        "Tipo disposición":"Ley Estatal",
        "Fecha disposición":"1982-06-30",
        "Fecha publicación":"1982-06-30",
        "Fecha entrada en Vigor":"1982-07-01"
    },
    {
        "Universidad":"Universidad de Córdoba",
        "Código":6,
        "Acrónimo":"UCO",
        "Tipo":"Pública",
        "CIF":"Q1418001B",
        "Con ánimo de lucro":"No",
        "Modalidad":"Presencial",
        "Administración Educativa Responsable":"Comunidad Autónoma de Andalucía",
        "Domicilio":"Avenida de Medina Azahara, 5",
        "Código postal":14071.0,
        "Localidad":"Córdoba",
        "Municipio":"Córdoba",
        "Provincia":"Córdoba",
        "Comunidad Autónoma":"Comunidad Autónoma de Andalucía",
        "URL":"www.uco.es",
        "EMail":"informacion@uco.es",
        "Teléfono 1":"957218000",
        "Tipo Boletín":"Boletín Oficial del Estado",
        "Año publicación":1972,
        "Tipo disposición":"Decreto",
        "Fecha disposición":"1972-08-18",
        "Fecha publicación":"1972-09-30",
        "Fecha entrada en Vigor":"1972-10-01"
    },
    {
        "Universidad":"Universidad de Deusto",
        "Código":30,
        "Acrónimo":"UDE",
        "Tipo":"Privada (concordataria)",
        "CIF":"R4868004E",
        "Con ánimo de lucro":"No",
        "Modalidad":"Presencial",
        "Administración Educativa Responsable":"Estado",
        "Domicilio":"Avenida de las Universidades 24",
        "Código postal":48007.0,
        "Localidad":"Bilbao",
        "Municipio":"Bilbao",
        "Provincia":"Bizkaia",
        "Comunidad Autónoma":"Comunidad Autónoma del País Vasco",
        "URL":"www.deusto.es",
        "EMail":"web@deusto.es",
        "Teléfono 1":"944139000",
        "Tipo Boletín":"No publicado o Publicación desconocida",
        "Año publicación":1886,
        "Tipo disposición":"Decreto",
        "Fecha disposición":"1886-01-01",
        "Fecha publicación":"1886-01-01",
        "Fecha entrada en Vigor":"1886-01-02"
    },
    {
        "Universidad":"Universidad de Diseño, Innovación y Tecnología (UDIT)",
        "Código":100,
        "Acrónimo":"UDIT",
        "Tipo":"Privada",
        "CIF":"B84014265",
        "Con ánimo de lucro":"Sí",
        "Modalidad":"Presencial",
        "Administración Educativa Responsable":"Comunidad de Madrid",
        "Domicilio":"Avenida de Alfonso XIII nº 97 y 99",
        "Código postal":28016.0,
        "Localidad":"Madrid",
        "Municipio":"Madrid",
        "Provincia":"Madrid",
        "Comunidad Autónoma":"Comunidad de Madrid",
        "URL":"udit.es",
        "EMail":null,
        "Teléfono 1":"915 55 25 28",
        "Tipo Boletín":"Boletín Oficial de la Comunidad de Madrid",
        "Año publicación":2022,
        "Tipo disposición":"Ley Autonómica",
        "Fecha disposición":"2022-03-01",
        "Fecha publicación":"2022-03-04",
        "Fecha entrada en Vigor":"2022-03-05"
    },
    {
        "Universidad":"Universidad de Extremadura",
        "Código":2,
        "Acrónimo":"UEX",
        "Tipo":"Pública",
        "CIF":"Q0618001B",
        "Con ánimo de lucro":"No",
        "Modalidad":"Presencial",
        "Administración Educativa Responsable":"Comunidad Autónoma de Extremadura",
        "Domicilio":"Avenida de Elvas, s\/n",
        "Código postal":6071.0,
        "Localidad":"Badajoz",
        "Municipio":"Badajoz",
        "Provincia":"Badajoz",
        "Comunidad Autónoma":"Comunidad Autónoma de Extremadura",
        "URL":"www.unex.es",
        "EMail":"virtual@unex.es",
        "Teléfono 1":"924289300",
        "Tipo Boletín":"Boletín Oficial del Estado",
        "Año publicación":1973,
        "Tipo disposición":"Decreto",
        "Fecha disposición":"1973-05-18",
        "Fecha publicación":"1973-05-18",
        "Fecha entrada en Vigor":"1973-05-19"
    },
    {
        "Universidad":"Universidad de Granada",
        "Código":8,
        "Acrónimo":"UGR",
        "Tipo":"Pública",
        "CIF":"Q1818002F",
        "Con ánimo de lucro":"No",
        "Modalidad":"Presencial",
        "Administración Educativa Responsable":"Comunidad Autónoma de Andalucía",
        "Domicilio":"Calle Cuesta del Hospicio, s\/n",
        "Código postal":18015.0,
        "Localidad":"Granada",
        "Municipio":"Granada",
        "Provincia":"Granada",
        "Comunidad Autónoma":"Comunidad Autónoma de Andalucía",
        "URL":"www.ugr.es",
        "EMail":"csirc@ugr.es",
        "Teléfono 1":"958243000",
        "Tipo Boletín":"No publicado o Publicación desconocida",
        "Año publicación":1531,
        "Tipo disposición":"No consta",
        "Fecha disposición":"1531-01-01",
        "Fecha publicación":"1531-01-01",
        "Fecha entrada en Vigor":"1531-01-02"
    },
    {
        "Universidad":"Universidad de Huelva",
        "Código":49,
        "Acrónimo":"UHU",
        "Tipo":"Pública",
        "CIF":"Q7150008F",
        "Con ánimo de lucro":"No",
        "Modalidad":"Presencial",
        "Administración Educativa Responsable":"Comunidad Autónoma de Andalucía",
        "Domicilio":"Calle Doctor Cantero Cuadrado, 6",
        "Código postal":21004.0,
        "Localidad":"Huelva",
        "Municipio":"Huelva",
        "Provincia":"Huelva",
        "Comunidad Autónoma":"Comunidad Autónoma de Andalucía",
        "URL":"www.uhu.es",
        "EMail":"www@uhu.es",
        "Teléfono 1":"959218000",
        "Tipo Boletín":"Boletín Oficial del Estado",
        "Año publicación":1993,
        "Tipo disposición":"Ley Estatal",
        "Fecha disposición":"1993-08-25",
        "Fecha publicación":"1993-08-25",
        "Fecha entrada en Vigor":"1993-08-26"
    },
    {
        "Universidad":"Universidad de Jaén",
        "Código":50,
        "Acrónimo":"UJA",
        "Tipo":"Pública",
        "CIF":"Q7350006H",
        "Con ánimo de lucro":"No",
        "Modalidad":"Presencial",
        "Administración Educativa Responsable":"Comunidad Autónoma de Andalucía",
        "Domicilio":"Campus de las Lagunillas, s\/n",
        "Código postal":23071.0,
        "Localidad":"Jaén",
        "Municipio":"Jaén",
        "Provincia":"Jaén",
        "Comunidad Autónoma":"Comunidad Autónoma de Andalucía",
        "URL":"www.ujaen.es",
        "EMail":null,
        "Teléfono 1":"953212121",
        "Tipo Boletín":"Boletín Oficial de la Junta de Andalucía",
        "Año publicación":1993,
        "Tipo disposición":"Ley Estatal",
        "Fecha disposición":"1993-07-06",
        "Fecha publicación":"1993-07-06",
        "Fecha entrada en Vigor":"1993-07-07"
    },
    {
        "Universidad":"Universidad de La Laguna",
        "Código":15,
        "Acrónimo":"ULL",
        "Tipo":"Pública",
        "CIF":"Q3818001D",
        "Con ánimo de lucro":"No",
        "Modalidad":"Presencial",
        "Administración Educativa Responsable":"Comunidad Autónoma de Canarias",
        "Domicilio":"Calle Molinos de Agua, s\/n",
        "Código postal":38207.0,
        "Localidad":"Santa Cruz de Tenerife",
        "Municipio":"Santa Cruz de Tenerife",
        "Provincia":"Santa Cruz de Tenerife",
        "Comunidad Autónoma":"Comunidad Autónoma de Canarias",
        "URL":"www.ull.es",
        "EMail":"prensa1@ull.es",
        "Teléfono 1":"922319000",
        "Tipo Boletín":"No publicado o Publicación desconocida",
        "Año publicación":1792,
        "Tipo disposición":"Decreto",
        "Fecha disposición":"1792-03-11",
        "Fecha publicación":"1792-03-11",
        "Fecha entrada en Vigor":"1792-03-12"
    },
    {
        "Universidad":"Universidad de La Rioja",
        "Código":45,
        "Acrónimo":"UR",
        "Tipo":"Pública",
        "CIF":"Q2618002F",
        "Con ánimo de lucro":"No",
        "Modalidad":"Presencial",
        "Administración Educativa Responsable":"Comunidad Autónoma de la Rioja",
        "Domicilio":"Avenida de La Paz , 93",
        "Código postal":26006.0,
        "Localidad":"Logroño",
        "Municipio":"Logroño",
        "Provincia":"La Rioja",
        "Comunidad Autónoma":"Comunidad Autónoma de la Rioja",
        "URL":"www.unirioja.es",
        "EMail":"sec.general@unirioja.es",
        "Teléfono 1":"941299104",
        "Tipo Boletín":"Boletín Oficial del Estado",
        "Año publicación":1992,
        "Tipo disposición":"Ley Estatal",
        "Fecha disposición":"1992-06-19",
        "Fecha publicación":"1992-06-19",
        "Fecha entrada en Vigor":"1992-06-20"
    },
    {
        "Universidad":"Universidad de las Hespérides",
        "Código":90,
        "Acrónimo":".h",
        "Tipo":"Privada",
        "CIF":"B76260785",
        "Con ánimo de lucro":"Sí",
        "Modalidad":"No Presencial",
        "Administración Educativa Responsable":"Comunidad Autónoma de Canarias",
        "Domicilio":"C\/de los Balcones, 10",
        "Código postal":35001.0,
        "Localidad":"Las Palmas de Gran Canaria",
        "Municipio":"Palmas de Gran Canaria, Las",
        "Provincia":"Las Palmas",
        "Comunidad Autónoma":"Comunidad Autónoma de Canarias",
        "URL":"hesperides.edu.es\/",
        "EMail":null,
        "Teléfono 1":null,
        "Tipo Boletín":"Boletín Oficial de Canarias",
        "Año publicación":2019,
        "Tipo disposición":"Ley Autonómica",
        "Fecha disposición":"2019-04-09",
        "Fecha publicación":"2019-04-22",
        "Fecha entrada en Vigor":"2019-04-23"
    },
    {
        "Universidad":"Universidad de Las Palmas de Gran Canaria",
        "Código":26,
        "Acrónimo":"UPGC",
        "Tipo":"Pública",
        "CIF":"Q3518001G",
        "Con ánimo de lucro":"No",
        "Modalidad":"Presencial",
        "Administración Educativa Responsable":"Comunidad Autónoma de Canarias",
        "Domicilio":"Calle Juan de Quesada, nº 30",
        "Código postal":35001.0,
        "Localidad":"Las Palmas de Gran Canaria",
        "Municipio":"Palmas de Gran Canaria, Las",
        "Provincia":"Las Palmas",
        "Comunidad Autónoma":"Comunidad Autónoma de Canarias",
        "URL":"www.ulpgc.es",
        "EMail":"universidad@ulpgc.es",
        "Teléfono 1":"928451000",
        "Tipo Boletín":"Boletín Oficial de Canarias",
        "Año publicación":1989,
        "Tipo disposición":"Ley Estatal",
        "Fecha disposición":"1989-05-08",
        "Fecha publicación":"1989-05-08",
        "Fecha entrada en Vigor":"1989-05-09"
    },
    {
        "Universidad":"Universidad de León",
        "Código":9,
        "Acrónimo":"ULE",
        "Tipo":"Pública",
        "CIF":"Q2432001B",
        "Con ánimo de lucro":"No",
        "Modalidad":"Presencial",
        "Administración Educativa Responsable":"Comunidad de Castilla y León",
        "Domicilio":"Avda. de la Facultad, 25",
        "Código postal":24071.0,
        "Localidad":"León",
        "Municipio":"León",
        "Provincia":"León",
        "Comunidad Autónoma":"Comunidad de Castilla y León",
        "URL":"www.unileon.es",
        "EMail":"webmaster@unileon.es",
        "Teléfono 1":"987291000",
        "Tipo Boletín":"Boletín Oficial del Estado",
        "Año publicación":1979,
        "Tipo disposición":"Ley Estatal",
        "Fecha disposición":"1979-10-31",
        "Fecha publicación":"1979-10-31",
        "Fecha entrada en Vigor":"1979-11-01"
    },
    {
        "Universidad":"Universidad de Lleida",
        "Código":44,
        "Acrónimo":"UDL",
        "Tipo":"Pública",
        "CIF":"Q7550001G",
        "Con ánimo de lucro":"No",
        "Modalidad":"Presencial",
        "Administración Educativa Responsable":"Comunidad Autónoma de Cataluña",
        "Domicilio":"Plaza Víctor Siurana, 1",
        "Código postal":25003.0,
        "Localidad":"Lleida",
        "Municipio":"Lleida",
        "Provincia":"Lleida",
        "Comunidad Autónoma":"Comunidad Autónoma de Cataluña",
        "URL":"www.udl.es\/ca\/es\/",
        "EMail":"info@udl.cat",
        "Teléfono 1":"973702000",
        "Tipo Boletín":"Boletín Oficial del Estado",
        "Año publicación":1992,
        "Tipo disposición":"Ley Estatal",
        "Fecha disposición":"1992-03-03",
        "Fecha publicación":"1992-03-03",
        "Fecha entrada en Vigor":"1992-03-04"
    },
    {
        "Universidad":"Universidad de Málaga",
        "Código":11,
        "Acrónimo":"UMA",
        "Tipo":"Pública",
        "CIF":"Q2918001E",
        "Con ánimo de lucro":"No",
        "Modalidad":"Presencial",
        "Administración Educativa Responsable":"Comunidad Autónoma de Andalucía",
        "Domicilio":"Avenida Cervantes, 2",
        "Código postal":29071.0,
        "Localidad":"Málaga",
        "Municipio":"Málaga",
        "Provincia":"Málaga",
        "Comunidad Autónoma":"Comunidad Autónoma de Andalucía",
        "URL":"www.uma.es",
        "EMail":"informacion@uma.es",
        "Teléfono 1":"952131000",
        "Tipo Boletín":"Boletín Oficial del Estado",
        "Año publicación":1972,
        "Tipo disposición":"Decreto",
        "Fecha disposición":"1972-08-18",
        "Fecha publicación":"1972-09-30",
        "Fecha entrada en Vigor":"1972-10-01"
    },
    {
        "Universidad":"Universidad de Murcia",
        "Código":12,
        "Acrónimo":"UMU",
        "Tipo":"Pública",
        "CIF":"Q3018001B",
        "Con ánimo de lucro":"No",
        "Modalidad":"Presencial",
        "Administración Educativa Responsable":"Región de Murcia",
        "Domicilio":"Avda. Teniente Flomesta, nº 5",
        "Código postal":30003.0,
        "Localidad":"Murcia",
        "Municipio":"Murcia",
        "Provincia":"Murcia",
        "Comunidad Autónoma":"Región de Murcia",
        "URL":"www.um.es",
        "EMail":"rector@um.es",
        "Teléfono 1":"968363000",
        "Tipo Boletín":"No publicado o Publicación desconocida",
        "Año publicación":1272,
        "Tipo disposición":"No consta",
        "Fecha disposición":"1272-04-06",
        "Fecha publicación":"1272-04-06",
        "Fecha entrada en Vigor":"1272-04-07"
    },
    {
        "Universidad":"Universidad de Navarra",
        "Código":31,
        "Acrónimo":"UN",
        "Tipo":"Privada (concordataria)",
        "CIF":"R3168001J",
        "Con ánimo de lucro":"No",
        "Modalidad":"Presencial",
        "Administración Educativa Responsable":"Estado",
        "Domicilio":"Campus universitario",
        "Código postal":31080.0,
        "Localidad":"Pamplona\/Iruña",
        "Municipio":"Pamplona\/Iruña",
        "Provincia":"Navarra",
        "Comunidad Autónoma":"Comunidad Foral de Navarra",
        "URL":"www.unav.es",
        "EMail":"info@unav.es",
        "Teléfono 1":"948425600",
        "Tipo Boletín":"No publicado o Publicación desconocida",
        "Año publicación":1952,
        "Tipo disposición":"Decreto",
        "Fecha disposición":"1952-10-17",
        "Fecha publicación":"1952-10-17",
        "Fecha entrada en Vigor":"1952-10-18"
    },
    {
        "Universidad":"Universidad de Oviedo",
        "Código":13,
        "Acrónimo":"UOV",
        "Tipo":"Pública",
        "CIF":"Q3318001I",
        "Con ánimo de lucro":"No",
        "Modalidad":"Presencial",
        "Administración Educativa Responsable":"Principado de Asturias",
        "Domicilio":"Calle San Francisco, 3",
        "Código postal":33003.0,
        "Localidad":"Oviedo",
        "Municipio":"Oviedo",
        "Provincia":"Asturias",
        "Comunidad Autónoma":"Principado de Asturias",
        "URL":"www.uniovi.es",
        "EMail":"rectorado@uniovi.es",
        "Teléfono 1":"985104058",
        "Tipo Boletín":"No publicado o Publicación desconocida",
        "Año publicación":1608,
        "Tipo disposición":"Decreto",
        "Fecha disposición":"1608-09-21",
        "Fecha publicación":"1608-09-21",
        "Fecha entrada en Vigor":"1608-09-22"
    },
    {
        "Universidad":"Universidad de Salamanca",
        "Código":14,
        "Acrónimo":"USAL",
        "Tipo":"Pública",
        "CIF":"Q3718001E",
        "Con ánimo de lucro":"No",
        "Modalidad":"Presencial",
        "Administración Educativa Responsable":"Comunidad de Castilla y León",
        "Domicilio":"Patio de Escuelas 1",
        "Código postal":37008.0,
        "Localidad":"Salamanca",
        "Municipio":"Salamanca",
        "Provincia":"Salamanca",
        "Comunidad Autónoma":"Comunidad de Castilla y León",
        "URL":"www.usal.es",
        "EMail":"infogral@usal.es",
        "Teléfono 1":"923294400",
        "Tipo Boletín":"No publicado o Publicación desconocida",
        "Año publicación":1218,
        "Tipo disposición":"No consta",
        "Fecha disposición":"1218-01-01",
        "Fecha publicación":"1218-01-01",
        "Fecha entrada en Vigor":"1218-01-02"
    },
    {
        "Universidad":"Universidad de Santiago de Compostela",
        "Código":7,
        "Acrónimo":"USC",
        "Tipo":"Pública",
        "CIF":"Q1518001A",
        "Con ánimo de lucro":"No",
        "Modalidad":"Presencial",
        "Administración Educativa Responsable":"Comunidad Autónoma de Galicia",
        "Domicilio":"Plaza del Obradoiro, s\/n",
        "Código postal":15782.0,
        "Localidad":"Santiago de Compostela",
        "Municipio":"Santiago de Compostela",
        "Provincia":"A Coruña",
        "Comunidad Autónoma":"Comunidad Autónoma de Galicia",
        "URL":"www.usc.es",
        "EMail":"reitor@usc.es",
        "Teléfono 1":"981563100",
        "Tipo Boletín":"No publicado o Publicación desconocida",
        "Año publicación":1504,
        "Tipo disposición":"No consta",
        "Fecha disposición":"1504-01-01",
        "Fecha publicación":"1504-01-01",
        "Fecha entrada en Vigor":"1504-01-02"
    },
    {
        "Universidad":"Universidad de Sevilla",
        "Código":17,
        "Acrónimo":"USE",
        "Tipo":"Pública",
        "CIF":"Q4118001I",
        "Con ánimo de lucro":"No",
        "Modalidad":"Presencial",
        "Administración Educativa Responsable":"Comunidad Autónoma de Andalucía",
        "Domicilio":"Calle San Fernando, 4",
        "Código postal":41004.0,
        "Localidad":"Sevilla",
        "Municipio":"Sevilla",
        "Provincia":"Sevilla",
        "Comunidad Autónoma":"Comunidad Autónoma de Andalucía",
        "URL":"www.us.es",
        "EMail":"gabiprensa@us.es",
        "Teléfono 1":"954551000",
        "Tipo Boletín":"No publicado o Publicación desconocida",
        "Año publicación":1505,
        "Tipo disposición":"No consta",
        "Fecha disposición":"1505-01-01",
        "Fecha publicación":"1505-01-01",
        "Fecha entrada en Vigor":"1505-01-02"
    },
    {
        "Universidad":"Universidad de Valladolid",
        "Código":19,
        "Acrónimo":"UVA",
        "Tipo":"Pública",
        "CIF":"Q4718001C",
        "Con ánimo de lucro":"No",
        "Modalidad":"Presencial",
        "Administración Educativa Responsable":"Comunidad de Castilla y León",
        "Domicilio":"Plaza de Sta. Cruz, nº 8",
        "Código postal":47002.0,
        "Localidad":"Valladolid",
        "Municipio":"Valladolid",
        "Provincia":"Valladolid",
        "Comunidad Autónoma":"Comunidad de Castilla y León",
        "URL":null,
        "EMail":"valladolid@uva.es",
        "Teléfono 1":"983423000",
        "Tipo Boletín":"No publicado o Publicación desconocida",
        "Año publicación":1241,
        "Tipo disposición":"No consta",
        "Fecha disposición":"1241-01-01",
        "Fecha publicación":"1241-01-01",
        "Fecha entrada en Vigor":"1241-01-01"
    },
    {
        "Universidad":"Universidad de Vic-Universidad Central de Catalunya",
        "Código":60,
        "Acrónimo":"UVIC",
        "Tipo":"Privada",
        "CIF":"G58020124",
        "Con ánimo de lucro":"No",
        "Modalidad":"Presencial",
        "Administración Educativa Responsable":"Comunidad Autónoma de Cataluña",
        "Domicilio":"Campus de Miramarges. Carrer de la Sagrada Familia, 7",
        "Código postal":8500.0,
        "Localidad":"Vic",
        "Municipio":"Vic",
        "Provincia":"Barcelona",
        "Comunidad Autónoma":"Comunidad Autónoma de Cataluña",
        "URL":"www.uvic-ucc.cat\/es",
        "EMail":"info@uvic.cat",
        "Teléfono 1":"938861222",
        "Tipo Boletín":"Boletín Oficial del Estado",
        "Año publicación":1997,
        "Tipo disposición":"Ley Estatal",
        "Fecha disposición":"1997-06-12",
        "Fecha publicación":"1997-06-12",
        "Fecha entrada en Vigor":"1997-06-13"
    },
    {
        "Universidad":"Universidad de Vigo",
        "Código":38,
        "Acrónimo":"UVI",
        "Tipo":"Pública",
        "CIF":"Q8650002B",
        "Con ánimo de lucro":"No",
        "Modalidad":"Presencial",
        "Administración Educativa Responsable":"Comunidad Autónoma de Galicia",
        "Domicilio":"Campus Universitario",
        "Código postal":36310.0,
        "Localidad":"Vigo",
        "Municipio":"Vigo",
        "Provincia":"Pontevedra",
        "Comunidad Autónoma":"Comunidad Autónoma de Galicia",
        "URL":"www.uvigo.es",
        "EMail":"informacion@uvigo.es",
        "Teléfono 1":"986812000",
        "Tipo Boletín":"Diario Oficial de Galicia",
        "Año publicación":1989,
        "Tipo disposición":"Ley Estatal",
        "Fecha disposición":"1989-08-16",
        "Fecha publicación":"1989-08-16",
        "Fecha entrada en Vigor":"1989-08-17"
    },
    {
        "Universidad":"Universidad de Zaragoza",
        "Código":21,
        "Acrónimo":"UZA",
        "Tipo":"Pública",
        "CIF":"Q5018001G",
        "Con ánimo de lucro":"No",
        "Modalidad":"Presencial",
        "Administración Educativa Responsable":"Comunidad Autónoma de Aragón",
        "Domicilio":"Calle Pedro Cerbuna, 12 - Ciudad Universitaria",
        "Código postal":50009.0,
        "Localidad":"Zaragoza",
        "Municipio":"Zaragoza",
        "Provincia":"Zaragoza",
        "Comunidad Autónoma":"Comunidad Autónoma de Aragón",
        "URL":null,
        "EMail":"ciu@unizar.es",
        "Teléfono 1":"976761001",
        "Tipo Boletín":"No publicado o Publicación desconocida",
        "Año publicación":1542,
        "Tipo disposición":"No consta",
        "Fecha disposición":"1542-01-01",
        "Fecha publicación":"1542-01-01",
        "Fecha entrada en Vigor":"1542-01-01"
    },
    {
        "Universidad":"Universidad del Atlántico Medio",
        "Código":85,
        "Acrónimo":"UNAM",
        "Tipo":"Privada",
        "CIF":"B09967399",
        "Con ánimo de lucro":"Sí",
        "Modalidad":"Presencial",
        "Administración Educativa Responsable":"Comunidad Autónoma de Canarias",
        "Domicilio":"Carretera de Quilmes,37",
        "Código postal":35017.0,
        "Localidad":"Tafira Baja",
        "Municipio":"Palmas de Gran Canaria, Las",
        "Provincia":"Las Palmas",
        "Comunidad Autónoma":"Comunidad Autónoma de Canarias",
        "URL":"www.universidadatlanticomedio.es",
        "EMail":null,
        "Teléfono 1":"828 019 019",
        "Tipo Boletín":"Boletín Oficial de Canarias",
        "Año publicación":2015,
        "Tipo disposición":"Ley Autonómica",
        "Fecha disposición":"2015-03-26",
        "Fecha publicación":"2015-03-31",
        "Fecha entrada en Vigor":"2015-04-01"
    },
    {
        "Universidad":"Universidad del País Vasco\/Euskal Herriko Unibertsitatea",
        "Código":20,
        "Acrónimo":"UPV \/ EHU",
        "Tipo":"Pública",
        "CIF":"Q4818001B",
        "Con ánimo de lucro":"No",
        "Modalidad":"Presencial",
        "Administración Educativa Responsable":"Comunidad Autónoma del País Vasco",
        "Domicilio":"Bº de Sarriena, s\/n",
        "Código postal":48940.0,
        "Localidad":"Elexalde",
        "Municipio":"Leioa",
        "Provincia":"Bizkaia",
        "Comunidad Autónoma":"Comunidad Autónoma del País Vasco",
        "URL":"www.ehu.es",
        "EMail":"rgzadmin@lg.ehu.es",
        "Teléfono 1":"946012000",
        "Tipo Boletín":"Boletín Oficial del Estado",
        "Año publicación":1968,
        "Tipo disposición":"Decreto",
        "Fecha disposición":"1968-06-07",
        "Fecha publicación":"1968-06-07",
        "Fecha entrada en Vigor":"1968-06-08"
    },
    {
        "Universidad":"Universidad Euneiz",
        "Código":98,
        "Acrónimo":null,
        "Tipo":"Privada",
        "CIF":"A01561505",
        "Con ánimo de lucro":"Sí",
        "Modalidad":"Presencial",
        "Administración Educativa Responsable":"Comunidad Autónoma del País Vasco",
        "Domicilio":"Paseo de la Biosfera nº 6",
        "Código postal":1013.0,
        "Localidad":"Vitoria-Gasteiz",
        "Municipio":"Vitoria-Gasteiz",
        "Provincia":"Araba\/Álava",
        "Comunidad Autónoma":"Comunidad Autónoma del País Vasco",
        "URL":"www.euneiz.com",
        "EMail":"info@euneiz.com",
        "Teléfono 1":null,
        "Tipo Boletín":"Boletín Oficial del País Vasco",
        "Año publicación":2021,
        "Tipo disposición":"Ley Autonómica",
        "Fecha disposición":"2021-11-11",
        "Fecha publicación":"2021-11-22",
        "Fecha entrada en Vigor":"2021-11-23"
    },
    {
        "Universidad":"Universidad Europea de Andalucía",
        "Código":107,
        "Acrónimo":null,
        "Tipo":"Privada",
        "CIF":"B86130044",
        "Con ánimo de lucro":null,
        "Modalidad":"Presencial",
        "Administración Educativa Responsable":"Comunidad Autónoma de Andalucía",
        "Domicilio":"Calle Eolo, 10",
        "Código postal":29010.0,
        "Localidad":"Málaga",
        "Municipio":"Málaga",
        "Provincia":"Málaga",
        "Comunidad Autónoma":"Comunidad Autónoma de Andalucía",
        "URL":null,
        "EMail":null,
        "Teléfono 1":null,
        "Tipo Boletín":"Boletín Oficial de la Junta de Andalucía",
        "Año publicación":2024,
        "Tipo disposición":"Ley Autonómica",
        "Fecha disposición":"2024-07-26",
        "Fecha publicación":"2024-08-06",
        "Fecha entrada en Vigor":"2024-08-07"
    },
    {
        "Universidad":"Universidad Europea de Canarias",
        "Código":79,
        "Acrónimo":"UEC",
        "Tipo":"Privada",
        "CIF":"B57257263",
        "Con ánimo de lucro":"Sí",
        "Modalidad":"Presencial",
        "Administración Educativa Responsable":"Comunidad Autónoma de Canarias",
        "Domicilio":"Casa Salazar. Calle Inocencio García 1",
        "Código postal":38311.0,
        "Localidad":"La Orotava",
        "Municipio":"Orotava, La",
        "Provincia":"Santa Cruz de Tenerife",
        "Comunidad Autónoma":"Comunidad Autónoma de Canarias",
        "URL":"canarias.universidadeuropea.es\/",
        "EMail":"admisiones.canarias@uem.es",
        "Teléfono 1":"922 985 050",
        "Tipo Boletín":"Boletín Oficial de Canarias",
        "Año publicación":2010,
        "Tipo disposición":"Ley Autonómica",
        "Fecha disposición":"2010-07-15",
        "Fecha publicación":"2010-07-27",
        "Fecha entrada en Vigor":"2010-07-28"
    },
    {
        "Universidad":"Universidad Europea de Madrid",
        "Código":53,
        "Acrónimo":"UEM",
        "Tipo":"Privada",
        "CIF":"A79122305",
        "Con ánimo de lucro":"Sí",
        "Modalidad":"Presencial",
        "Administración Educativa Responsable":"Comunidad de Madrid",
        "Domicilio":"Calle Tajo, s\/n.  Urbanización El Bosque",
        "Código postal":28670.0,
        "Localidad":"Villaviciosa de Odón",
        "Municipio":"Villaviciosa de Odón",
        "Provincia":"Madrid",
        "Comunidad Autónoma":"Comunidad de Madrid",
        "URL":"madrid.universidadeuropea.es\/",
        "EMail":"uem@uem.es",
        "Teléfono 1":"902377773",
        "Tipo Boletín":"Boletín Oficial del Estado",
        "Año publicación":1995,
        "Tipo disposición":"Ley Estatal",
        "Fecha disposición":"1995-07-18",
        "Fecha publicación":"1995-07-18",
        "Fecha entrada en Vigor":"1995-07-19"
    },
    {
        "Universidad":"Universidad Europea de Valencia",
        "Código":82,
        "Acrónimo":"UEV",
        "Tipo":"Privada",
        "CIF":"B97934467",
        "Con ánimo de lucro":"Sí",
        "Modalidad":"Presencial",
        "Administración Educativa Responsable":"Comunidad Valenciana",
        "Domicilio":"Paseo de la Alameda, 7",
        "Código postal":46010.0,
        "Localidad":"Valencia",
        "Municipio":"València",
        "Provincia":"Valencia\/València",
        "Comunidad Autónoma":"Comunidad Valenciana",
        "URL":"valencia.universidadeuropea.es\/",
        "EMail":null,
        "Teléfono 1":"960 452 849",
        "Tipo Boletín":"Diari Oficial de la Generalitat Valenciana",
        "Año publicación":2012,
        "Tipo disposición":"Ley Autonómica",
        "Fecha disposición":"2012-12-04",
        "Fecha publicación":"2012-12-07",
        "Fecha entrada en Vigor":"2012-12-08"
    },
    {
        "Universidad":"Universidad Europea del Atlántico",
        "Código":83,
        "Acrónimo":"UA",
        "Tipo":"Privada",
        "CIF":"G39764972",
        "Con ánimo de lucro":"No",
        "Modalidad":"Presencial",
        "Administración Educativa Responsable":"Comunidad Autónoma de Cantabria",
        "Domicilio":"C\/ Isabel Torres 21",
        "Código postal":39011.0,
        "Localidad":"Santander",
        "Municipio":"Santander",
        "Provincia":"Cantabria",
        "Comunidad Autónoma":"Comunidad Autónoma de Cantabria",
        "URL":"www.uneatlantico.es",
        "EMail":"info@uneatlantico.es",
        "Teléfono 1":"942 244 244",
        "Tipo Boletín":"Boletín Oficial de Cantabria",
        "Año publicación":2013,
        "Tipo disposición":"Ley Autonómica",
        "Fecha disposición":"2013-07-05",
        "Fecha publicación":"2013-07-15",
        "Fecha entrada en Vigor":"2013-07-16"
    },
    {
        "Universidad":"Universidad Europea Miguel de Cervantes",
        "Código":69,
        "Acrónimo":"UEMC",
        "Tipo":"Privada",
        "CIF":"A47402821",
        "Con ánimo de lucro":"Sí",
        "Modalidad":"Presencial",
        "Administración Educativa Responsable":"Comunidad de Castilla y León",
        "Domicilio":"C\/Padre Julio Chevalier, n°2",
        "Código postal":47012.0,
        "Localidad":"Valladolid",
        "Municipio":"Valladolid",
        "Provincia":"Valladolid",
        "Comunidad Autónoma":"Comunidad de Castilla y León",
        "URL":"www.uemc.es",
        "EMail":"info@uemc.edu",
        "Teléfono 1":"983228508",
        "Tipo Boletín":"Boletín Oficial del Estado",
        "Año publicación":2002,
        "Tipo disposición":"Ley Estatal",
        "Fecha disposición":"2002-07-05",
        "Fecha publicación":"2002-07-05",
        "Fecha entrada en Vigor":"2002-07-06"
    },
    {
        "Universidad":"Universidad Fernando Pessoa-Canarias (UFP-C)",
        "Código":84,
        "Acrónimo":"UFPC",
        "Tipo":"Privada",
        "CIF":"B76075647",
        "Con ánimo de lucro":"Sí",
        "Modalidad":"Presencial",
        "Administración Educativa Responsable":"Comunidad Autónoma de Canarias",
        "Domicilio":"Calle Alcalde Francisco Hernández González, 28",
        "Código postal":35001.0,
        "Localidad":"Santa María de Guía",
        "Municipio":"Santa María de Guía de Gran Canaria",
        "Provincia":"Las Palmas",
        "Comunidad Autónoma":"Comunidad Autónoma de Canarias",
        "URL":"www.ufpcanarias.org",
        "EMail":"informacion@ufpcanarias.es",
        "Teléfono 1":"928313420",
        "Tipo Boletín":"Boletín Oficial de Canarias",
        "Año publicación":2014,
        "Tipo disposición":"Ley Autonómica",
        "Fecha disposición":"2014-05-15",
        "Fecha publicación":"2014-05-22",
        "Fecha entrada en Vigor":"2014-05-23"
    },
    {
        "Universidad":"Universidad Francisco de Vitoria",
        "Código":68,
        "Acrónimo":"UFV",
        "Tipo":"Privada",
        "CIF":"G80480197",
        "Con ánimo de lucro":"No",
        "Modalidad":"Presencial",
        "Administración Educativa Responsable":"Comunidad de Madrid",
        "Domicilio":"Ctra.  M-515, Pozuelo-Majadahonda,  Km. 1800",
        "Código postal":28223.0,
        "Localidad":"Pozuelo de Alarcón",
        "Municipio":"Pozuelo de Alarcón",
        "Provincia":"Madrid",
        "Comunidad Autónoma":"Comunidad de Madrid",
        "URL":"www.ufv.es",
        "EMail":null,
        "Teléfono 1":"913510303",
        "Tipo Boletín":"Boletín Oficial de la Comunidad de Madrid",
        "Año publicación":2001,
        "Tipo disposición":"Ley Estatal",
        "Fecha disposición":"2001-07-11",
        "Fecha publicación":"2001-07-11",
        "Fecha entrada en Vigor":"2001-07-12"
    },
    {
        "Universidad":"Universidad Intercontinental de la Empresa",
        "Código":97,
        "Acrónimo":"UIE",
        "Tipo":"Privada",
        "CIF":"G70577747",
        "Con ánimo de lucro":null,
        "Modalidad":"Presencial",
        "Administración Educativa Responsable":"Comunidad Autónoma de Galicia",
        "Domicilio":"Rua nova, 33",
        "Código postal":15705.0,
        "Localidad":"Santiago de Compostela",
        "Municipio":"Santiago de Compostela",
        "Provincia":"A Coruña",
        "Comunidad Autónoma":"Comunidad Autónoma de Galicia",
        "URL":"uie.edu",
        "EMail":null,
        "Teléfono 1":null,
        "Tipo Boletín":"Diario Oficial de Galicia",
        "Año publicación":2021,
        "Tipo disposición":"Ley Autonómica",
        "Fecha disposición":"2021-07-15",
        "Fecha publicación":"2021-07-21",
        "Fecha entrada en Vigor":"2021-07-22"
    },
    {
        "Universidad":"Universidad Internacional de Andalucía",
        "Código":63,
        "Acrónimo":"UNIA",
        "Tipo":"Pública",
        "CIF":"Q7350007F",
        "Con ánimo de lucro":"No",
        "Modalidad":"Especial",
        "Administración Educativa Responsable":"Comunidad Autónoma de Andalucía",
        "Domicilio":"Monasterio Santa María de las Cuevas. C\/Américo Vespucio, 2, Isla de La Cartuja",
        "Código postal":41092.0,
        "Localidad":"Sevilla",
        "Municipio":"Sevilla",
        "Provincia":"Sevilla",
        "Comunidad Autónoma":"Comunidad Autónoma de Andalucía",
        "URL":null,
        "EMail":"postgrado@unia.es",
        "Teléfono 1":"954462299",
        "Tipo Boletín":"Boletín Oficial de la Junta de Andalucía",
        "Año publicación":2013,
        "Tipo disposición":"Decreto Legislativo",
        "Fecha disposición":"2013-01-08",
        "Fecha publicación":"2013-01-11",
        "Fecha entrada en Vigor":"2013-01-12"
    },
    {
        "Universidad":"Universidad Internacional de la Empresa",
        "Código":94,
        "Acrónimo":"UNIE",
        "Tipo":"Privada",
        "CIF":"B64719446",
        "Con ánimo de lucro":"Sí",
        "Modalidad":"Presencial",
        "Administración Educativa Responsable":"Comunidad de Madrid",
        "Domicilio":"Calle Arapiles nº 14",
        "Código postal":28015.0,
        "Localidad":"Madrid",
        "Municipio":"Madrid",
        "Provincia":"Madrid",
        "Comunidad Autónoma":"Comunidad de Madrid",
        "URL":"www.universidadunie.com",
        "EMail":null,
        "Teléfono 1":"919 032 201",
        "Tipo Boletín":"Boletín Oficial de la Comunidad de Madrid",
        "Año publicación":2020,
        "Tipo disposición":"Ley Autonómica",
        "Fecha disposición":"2020-11-25",
        "Fecha publicación":"2020-11-27",
        "Fecha entrada en Vigor":"2020-11-28"
    },
    {
        "Universidad":"Universidad Internacional de La Rioja",
        "Código":77,
        "Acrónimo":"UNIR",
        "Tipo":"Privada",
        "CIF":"A26430439",
        "Con ánimo de lucro":"Sí",
        "Modalidad":"No Presencial",
        "Administración Educativa Responsable":"Comunidad Autónoma de la Rioja",
        "Domicilio":"Avenida de la Paz, 137",
        "Código postal":26006.0,
        "Localidad":"Logroño",
        "Municipio":"Logroño",
        "Provincia":"La Rioja",
        "Comunidad Autónoma":"Comunidad Autónoma de la Rioja",
        "URL":"www.unir.net",
        "EMail":"info@unir.net",
        "Teléfono 1":"941 209 743",
        "Tipo Boletín":"Boletín Oficial de La Rioja",
        "Año publicación":2009,
        "Tipo disposición":"Decreto Autonómico",
        "Fecha disposición":"2009-07-31",
        "Fecha publicación":"2009-08-05",
        "Fecha entrada en Vigor":"2009-08-05"
    },
    {
        "Universidad":"Universidad Internacional Isabel I de Castilla",
        "Código":80,
        "Acrónimo":"UI1",
        "Tipo":"Privada",
        "CIF":"A09515412",
        "Con ánimo de lucro":"Sí",
        "Modalidad":"No Presencial",
        "Administración Educativa Responsable":"Comunidad de Castilla y León",
        "Domicilio":"Fernán González, 76",
        "Código postal":9003.0,
        "Localidad":"Burgos",
        "Municipio":"Burgos",
        "Provincia":"Burgos",
        "Comunidad Autónoma":"Comunidad de Castilla y León",
        "URL":"www.ui1.es\/",
        "EMail":"info@ui1.es",
        "Teléfono 1":"947671731",
        "Tipo Boletín":"Boletín Oficial de Castilla y León",
        "Año publicación":2011,
        "Tipo disposición":"Ley Autonómica",
        "Fecha disposición":"2011-03-22",
        "Fecha publicación":"2011-03-31",
        "Fecha entrada en Vigor":"2011-04-20"
    },
    {
        "Universidad":"Universidad Internacional Menéndez Pelayo",
        "Código":71,
        "Acrónimo":"UIMP",
        "Tipo":"Pública",
        "CIF":"Q2818022B",
        "Con ánimo de lucro":"No",
        "Modalidad":"Especial",
        "Administración Educativa Responsable":"Estado",
        "Domicilio":"Calle Isaac Peral, 23",
        "Código postal":28040.0,
        "Localidad":"Madrid",
        "Municipio":"Madrid",
        "Provincia":"Madrid",
        "Comunidad Autónoma":"Comunidad de Madrid",
        "URL":"www.uimp.es",
        "EMail":null,
        "Teléfono 1":"915920600",
        "Tipo Boletín":"Boletín Oficial del Estado",
        "Año publicación":1945,
        "Tipo disposición":"Decreto",
        "Fecha disposición":"1945-10-21",
        "Fecha publicación":"1945-10-21",
        "Fecha entrada en Vigor":"1945-10-22"
    },
    {
        "Universidad":"Universidad Internacional para el Desarrollo UNINDE",
        "Código":108,
        "Acrónimo":"UNINDE",
        "Tipo":"Privada",
        "CIF":null,
        "Con ánimo de lucro":null,
        "Modalidad":"Presencial",
        "Administración Educativa Responsable":"Comunidad Autónoma de Extremadura",
        "Domicilio":null,
        "Código postal":null,
        "Localidad":"Badajoz",
        "Municipio":"Badajoz",
        "Provincia":"Badajoz",
        "Comunidad Autónoma":"Comunidad Autónoma de Extremadura",
        "URL":"uninde.es\/",
        "EMail":null,
        "Teléfono 1":null,
        "Tipo Boletín":"Diario Oficial de Extremadura",
        "Año publicación":2025,
        "Tipo disposición":"Ley Autonómica",
        "Fecha disposición":"2025-10-15",
        "Fecha publicación":"2025-10-17",
        "Fecha entrada en Vigor":"2025-11-06"
    },
    {
        "Universidad":"Universidad Internacional Villanueva",
        "Código":88,
        "Acrónimo":"UV",
        "Tipo":"Privada",
        "CIF":"A86787850",
        "Con ánimo de lucro":"Sí",
        "Modalidad":"Presencial",
        "Administración Educativa Responsable":"Comunidad de Madrid",
        "Domicilio":"C\/ Costa Brava 2 y 6",
        "Código postal":28034.0,
        "Localidad":"Madrid",
        "Municipio":"Madrid",
        "Provincia":"Madrid",
        "Comunidad Autónoma":"Comunidad de Madrid",
        "URL":"www.villanueva.edu",
        "EMail":null,
        "Teléfono 1":"917 340 413",
        "Tipo Boletín":"Boletín Oficial de la Comunidad de Madrid",
        "Año publicación":2019,
        "Tipo disposición":"Ley Autonómica",
        "Fecha disposición":"2019-03-20",
        "Fecha publicación":"2019-03-28",
        "Fecha entrada en Vigor":"2019-03-29"
    },
    {
        "Universidad":"Universidad Jaume I de Castellón",
        "Código":40,
        "Acrónimo":"UJI",
        "Tipo":"Pública",
        "CIF":"Q6250003H",
        "Con ánimo de lucro":"No",
        "Modalidad":"Presencial",
        "Administración Educativa Responsable":"Comunidad Valenciana",
        "Domicilio":"Avenida de Vicent Sos Baynat, s\/n",
        "Código postal":12071.0,
        "Localidad":"Castellón de la Plana",
        "Municipio":"Castelló de la Plana",
        "Provincia":"Castellón\/Castelló",
        "Comunidad Autónoma":"Comunidad Valenciana",
        "URL":"www.uji.es",
        "EMail":"info@uji.es",
        "Teléfono 1":"964728000",
        "Tipo Boletín":"Diari Oficial de la Generalitat Valenciana",
        "Año publicación":1991,
        "Tipo disposición":"Ley Estatal",
        "Fecha disposición":"1991-02-27",
        "Fecha publicación":"1991-02-27",
        "Fecha entrada en Vigor":"1991-02-28"
    },
    {
        "Universidad":"Universidad Loyola Andalucía",
        "Código":81,
        "Acrónimo":"ULA",
        "Tipo":"Privada",
        "CIF":"G14894158",
        "Con ánimo de lucro":"No",
        "Modalidad":"Presencial",
        "Administración Educativa Responsable":"Comunidad Autónoma de Andalucía",
        "Domicilio":"Avenida de las Universidades, s\/n",
        "Código postal":41704.0,
        "Localidad":"Dos Hermanas",
        "Municipio":"Dos Hermanas",
        "Provincia":"Sevilla",
        "Comunidad Autónoma":"Comunidad Autónoma de Andalucía",
        "URL":"www.uloyola.es",
        "EMail":"sgeneral@uloyola.es",
        "Teléfono 1":"957222110",
        "Tipo Boletín":"Boletín Oficial de la Junta de Andalucía",
        "Año publicación":2011,
        "Tipo disposición":"Ley Autonómica",
        "Fecha disposición":"2011-12-16",
        "Fecha publicación":"2011-12-27",
        "Fecha entrada en Vigor":"2011-12-28"
    },
    {
        "Universidad":"Universidad Miguel Hernández de Elche",
        "Código":55,
        "Acrónimo":"UMH",
        "Tipo":"Pública",
        "CIF":"Q5350015C",
        "Con ánimo de lucro":"No",
        "Modalidad":"Presencial",
        "Administración Educativa Responsable":"Comunidad Valenciana",
        "Domicilio":"Avenida de la Universidad, s\/n",
        "Código postal":3202.0,
        "Localidad":"Elche\/Elx",
        "Municipio":"Elx\/Elche",
        "Provincia":"Alicante\/Alacant",
        "Comunidad Autónoma":"Comunidad Valenciana",
        "URL":"www.umh.es",
        "EMail":"info@umh.es",
        "Teléfono 1":"966658500",
        "Tipo Boletín":"Diari Oficial de la Generalitat Valenciana",
        "Año publicación":1996,
        "Tipo disposición":"Ley Estatal",
        "Fecha disposición":"1996-12-30",
        "Fecha publicación":"1996-12-30",
        "Fecha entrada en Vigor":"1996-12-31"
    },
    {
        "Universidad":"Universidad Nacional de Educación a Distancia",
        "Código":28,
        "Acrónimo":"UNED",
        "Tipo":"Pública",
        "CIF":"Q2818016D",
        "Con ánimo de lucro":"No",
        "Modalidad":"No Presencial",
        "Administración Educativa Responsable":"Estado",
        "Domicilio":"Calle Bravo Murillo, 38",
        "Código postal":28015.0,
        "Localidad":"Madrid",
        "Municipio":"Madrid",
        "Provincia":"Madrid",
        "Comunidad Autónoma":"Comunidad de Madrid",
        "URL":"www.uned.es",
        "EMail":"infouned@adm.uned.es",
        "Teléfono 1":"91398600",
        "Tipo Boletín":"Boletín Oficial del Estado",
        "Año publicación":1972,
        "Tipo disposición":"Decreto",
        "Fecha disposición":"1972-09-09",
        "Fecha publicación":"1972-09-09",
        "Fecha entrada en Vigor":"1972-09-10"
    },
    {
        "Universidad":"Universidad Pablo de Olavide",
        "Código":58,
        "Acrónimo":"UPO",
        "Tipo":"Pública",
        "CIF":"Q9150016E",
        "Con ánimo de lucro":"No",
        "Modalidad":"Presencial",
        "Administración Educativa Responsable":"Comunidad Autónoma de Andalucía",
        "Domicilio":"Carretera de Utrera, km. 1",
        "Código postal":41013.0,
        "Localidad":"Sevilla",
        "Municipio":"Sevilla",
        "Provincia":"Sevilla",
        "Comunidad Autónoma":"Comunidad Autónoma de Andalucía",
        "URL":"www.upo.es",
        "EMail":null,
        "Teléfono 1":"954349200",
        "Tipo Boletín":"Boletín Oficial de la Junta de Andalucía",
        "Año publicación":1997,
        "Tipo disposición":"Ley Estatal",
        "Fecha disposición":"1997-07-03",
        "Fecha publicación":"1997-07-03",
        "Fecha entrada en Vigor":"1997-07-04"
    },
    {
        "Universidad":"Universidad Politécnica de Cartagena",
        "Código":64,
        "Acrónimo":"UPCT",
        "Tipo":"Pública",
        "CIF":"Q8050013E",
        "Con ánimo de lucro":"No",
        "Modalidad":"Presencial",
        "Administración Educativa Responsable":"Región de Murcia",
        "Domicilio":"Pza. del Cronista Isidoro Valverde, Edif. La Milagrosa",
        "Código postal":30202.0,
        "Localidad":"Cartagena",
        "Municipio":"Cartagena",
        "Provincia":"Murcia",
        "Comunidad Autónoma":"Región de Murcia",
        "URL":"www.upct.es",
        "EMail":"gestion.academica@upct.es",
        "Teléfono 1":"968325400",
        "Tipo Boletín":"Boletín Oficial de la Región de Murcia",
        "Año publicación":1998,
        "Tipo disposición":"Ley Autonómica",
        "Fecha disposición":"1998-08-08",
        "Fecha publicación":"1998-08-08",
        "Fecha entrada en Vigor":"1998-08-08"
    },
    {
        "Universidad":"Universidad Politécnica de Catalunya",
        "Código":24,
        "Acrónimo":"UPC",
        "Tipo":"Pública",
        "CIF":"Q0818003F",
        "Con ánimo de lucro":"No",
        "Modalidad":"Presencial",
        "Administración Educativa Responsable":"Comunidad Autónoma de Cataluña",
        "Domicilio":"Calle Jordi Girona, 31",
        "Código postal":8034.0,
        "Localidad":"Barcelona",
        "Municipio":"Barcelona",
        "Provincia":"Barcelona",
        "Comunidad Autónoma":"Comunidad Autónoma de Cataluña",
        "URL":"www.upc.es",
        "EMail":"info@upc.edu",
        "Teléfono 1":"934016200",
        "Tipo Boletín":"Boletín Oficial del Estado",
        "Año publicación":1971,
        "Tipo disposición":"Decreto",
        "Fecha disposición":"1971-03-26",
        "Fecha publicación":"1971-03-26",
        "Fecha entrada en Vigor":"1971-03-27"
    },
    {
        "Universidad":"Universidad Politécnica de Madrid",
        "Código":25,
        "Acrónimo":"UPM",
        "Tipo":"Pública",
        "CIF":"Q2818015F",
        "Con ánimo de lucro":"No",
        "Modalidad":"Presencial",
        "Administración Educativa Responsable":"Comunidad de Madrid",
        "Domicilio":"Calle Ramiro de Maeztu, 7",
        "Código postal":28040.0,
        "Localidad":"Madrid",
        "Municipio":"Madrid",
        "Provincia":"Madrid",
        "Comunidad Autónoma":"Comunidad de Madrid",
        "URL":"www.upm.es",
        "EMail":"gabinete.rector@upm.es",
        "Teléfono 1":"913366200",
        "Tipo Boletín":"Boletín Oficial del Estado",
        "Año publicación":1971,
        "Tipo disposición":"Decreto",
        "Fecha disposición":"1971-03-26",
        "Fecha publicación":"1971-03-26",
        "Fecha entrada en Vigor":"1971-03-27"
    },
    {
        "Universidad":"Universidad Pompeu Fabra",
        "Código":39,
        "Acrónimo":"UPF",
        "Tipo":"Pública",
        "CIF":"Q5850017D",
        "Con ánimo de lucro":"No",
        "Modalidad":"Presencial",
        "Administración Educativa Responsable":"Comunidad Autónoma de Cataluña",
        "Domicilio":"Plaça de la Mercè, 10-12",
        "Código postal":8002.0,
        "Localidad":"Barcelona",
        "Municipio":"Barcelona",
        "Provincia":"Barcelona",
        "Comunidad Autónoma":"Comunidad Autónoma de Cataluña",
        "URL":"www.upf.edu",
        "EMail":null,
        "Teléfono 1":"935422000",
        "Tipo Boletín":"Diari Oficial de la Generalitat de Catalunya",
        "Año publicación":1990,
        "Tipo disposición":"Ley Estatal",
        "Fecha disposición":"1990-06-22",
        "Fecha publicación":"1990-06-22",
        "Fecha entrada en Vigor":"1990-06-23"
    },
    {
        "Universidad":"Universidad Pontificia Comillas",
        "Código":33,
        "Acrónimo":"COMILLAS",
        "Tipo":"Privada (concordataria)",
        "CIF":"R2800395B",
        "Con ánimo de lucro":"No",
        "Modalidad":"Presencial",
        "Administración Educativa Responsable":"Estado",
        "Domicilio":"Calle Alberto Aguilera, 23",
        "Código postal":28015.0,
        "Localidad":"Madrid",
        "Municipio":"Madrid",
        "Provincia":"Madrid",
        "Comunidad Autónoma":"Comunidad de Madrid",
        "URL":"www.upcomillas.es",
        "EMail":"info_secre@secretaria.upcomillas.es",
        "Teléfono 1":"915422800",
        "Tipo Boletín":"No publicado o Publicación desconocida",
        "Año publicación":1890,
        "Tipo disposición":"Decreto",
        "Fecha disposición":"1890-12-16",
        "Fecha publicación":"1890-12-16",
        "Fecha entrada en Vigor":"1890-12-17"
    },
    {
        "Universidad":"Universidad Pontificia de Salamanca",
        "Código":32,
        "Acrónimo":"UPSA",
        "Tipo":"Privada (concordataria)",
        "CIF":"R3700047H",
        "Con ánimo de lucro":"No",
        "Modalidad":"Presencial",
        "Administración Educativa Responsable":"Estado",
        "Domicilio":"C\/ Compañía, 5",
        "Código postal":37002.0,
        "Localidad":"Salamanca",
        "Municipio":"Salamanca",
        "Provincia":"Salamanca",
        "Comunidad Autónoma":"Comunidad de Castilla y León",
        "URL":"www.upsa.es",
        "EMail":"webmaster@upsa.es",
        "Teléfono 1":"923277102",
        "Tipo Boletín":"No publicado o Publicación desconocida",
        "Año publicación":1940,
        "Tipo disposición":"Decreto",
        "Fecha disposición":"1940-09-15",
        "Fecha publicación":"1940-09-15",
        "Fecha entrada en Vigor":"1940-09-16"
    },
    {
        "Universidad":"Universidad Pública de Navarra",
        "Código":35,
        "Acrónimo":"UPNA",
        "Tipo":"Pública",
        "CIF":"Q3150012G",
        "Con ánimo de lucro":"No",
        "Modalidad":"Presencial",
        "Administración Educativa Responsable":"Comunidad Foral de Navarra",
        "Domicilio":"Campus de Arrosadía",
        "Código postal":31006.0,
        "Localidad":"Pamplona\/Iruña",
        "Municipio":"Pamplona\/Iruña",
        "Provincia":"Navarra",
        "Comunidad Autónoma":"Comunidad Foral de Navarra",
        "URL":"www.unavarra.es",
        "EMail":"infoweb@unavarra.es",
        "Teléfono 1":"948169000",
        "Tipo Boletín":"No publicado o Publicación desconocida",
        "Año publicación":1987,
        "Tipo disposición":"Ley Estatal",
        "Fecha disposición":"1987-04-21",
        "Fecha publicación":"1987-04-21",
        "Fecha entrada en Vigor":"1987-04-22"
    },
    {
        "Universidad":"Universidad Ramón Llull",
        "Código":41,
        "Acrónimo":"URLL",
        "Tipo":"Privada",
        "CIF":"G59069740",
        "Con ánimo de lucro":"No",
        "Modalidad":"Presencial",
        "Administración Educativa Responsable":"Comunidad Autónoma de Cataluña",
        "Domicilio":"Calle Claravall, 1-3",
        "Código postal":8022.0,
        "Localidad":"Barcelona",
        "Municipio":"Barcelona",
        "Provincia":"Barcelona",
        "Comunidad Autónoma":"Comunidad Autónoma de Cataluña",
        "URL":"www.url.edu",
        "EMail":"info@url.edu",
        "Teléfono 1":"936022200",
        "Tipo Boletín":"Diari Oficial de la Generalitat de Catalunya",
        "Año publicación":1991,
        "Tipo disposición":"Ley Estatal",
        "Fecha disposición":"1991-05-22",
        "Fecha publicación":"1991-05-22",
        "Fecha entrada en Vigor":"1991-05-23"
    },
    {
        "Universidad":"Universidad Rey Juan Carlos",
        "Código":56,
        "Acrónimo":"URJC",
        "Tipo":"Pública",
        "CIF":"Q2803011B",
        "Con ánimo de lucro":"No",
        "Modalidad":"Presencial",
        "Administración Educativa Responsable":"Comunidad de Madrid",
        "Domicilio":"Calle Tulipán, s\/n",
        "Código postal":28933.0,
        "Localidad":"Móstoles",
        "Municipio":"Móstoles",
        "Provincia":"Madrid",
        "Comunidad Autónoma":"Comunidad de Madrid",
        "URL":"www.urjc.es",
        "EMail":"info@urjc.es",
        "Teléfono 1":"916655060",
        "Tipo Boletín":"Boletín Oficial de la Comunidad de Madrid",
        "Año publicación":1996,
        "Tipo disposición":"Ley Estatal",
        "Fecha disposición":"1996-07-17",
        "Fecha publicación":"1996-07-17",
        "Fecha entrada en Vigor":"1996-07-18"
    },
    {
        "Universidad":"Universidad Rovira i Virgili",
        "Código":42,
        "Acrónimo":"URV",
        "Tipo":"Pública",
        "CIF":"Q9350003A",
        "Con ánimo de lucro":"No",
        "Modalidad":"Presencial",
        "Administración Educativa Responsable":"Comunidad Autónoma de Cataluña",
        "Domicilio":"Calle del Escorxador, s\/n",
        "Código postal":43003.0,
        "Localidad":"Tarragona",
        "Municipio":"Tarragona",
        "Provincia":"Tarragona",
        "Comunidad Autónoma":"Comunidad Autónoma de Cataluña",
        "URL":"www.urv.cat\/ca",
        "EMail":"info@urv.cat",
        "Teléfono 1":"977558000",
        "Tipo Boletín":"Boletín Oficial del Estado",
        "Año publicación":1992,
        "Tipo disposición":"Ley Estatal",
        "Fecha disposición":"1992-02-20",
        "Fecha publicación":"1992-02-20",
        "Fecha entrada en Vigor":"1992-02-21"
    },
    {
        "Universidad":"Universidad San Jorge",
        "Código":73,
        "Acrónimo":"USJ",
        "Tipo":"Privada",
        "CIF":"G99047672",
        "Con ánimo de lucro":"No",
        "Modalidad":"Presencial",
        "Administración Educativa Responsable":"Comunidad Autónoma de Aragón",
        "Domicilio":"Autovía A-23 Zaragoza-Huesca, km. 510",
        "Código postal":50830.0,
        "Localidad":"Villanueva de Gállego",
        "Municipio":"Villanueva de Gállego",
        "Provincia":"Zaragoza",
        "Comunidad Autónoma":"Comunidad Autónoma de Aragón",
        "URL":"www.usj.es",
        "EMail":"info@usj.es",
        "Teléfono 1":"976060100",
        "Tipo Boletín":"Boletín Oficial del Estado",
        "Año publicación":2005,
        "Tipo disposición":"Ley Estatal",
        "Fecha disposición":"2005-03-24",
        "Fecha publicación":"2005-03-24",
        "Fecha entrada en Vigor":"2005-03-25"
    },
    {
        "Universidad":"Universidad San Pablo-CEU",
        "Código":46,
        "Acrónimo":"UCEU",
        "Tipo":"Privada",
        "CIF":"G28423275",
        "Con ánimo de lucro":"No",
        "Modalidad":"Presencial",
        "Administración Educativa Responsable":"Comunidad de Madrid",
        "Domicilio":"Calle Julián Romea, 23",
        "Código postal":28003.0,
        "Localidad":"Madrid",
        "Municipio":"Madrid",
        "Provincia":"Madrid",
        "Comunidad Autónoma":"Comunidad de Madrid",
        "URL":"www.uspceu.com",
        "EMail":"informa@ceu.es",
        "Teléfono 1":"914566300",
        "Tipo Boletín":"Boletín Oficial del Estado",
        "Año publicación":1993,
        "Tipo disposición":"Ley Estatal",
        "Fecha disposición":"1993-04-20",
        "Fecha publicación":"1993-04-20",
        "Fecha entrada en Vigor":"1993-04-21"
    },
    {
        "Universidad":"Universidad Tecnológica Atlántico-Mediterráneo",
        "Código":103,
        "Acrónimo":"UTAMED",
        "Tipo":"Privada",
        "CIF":"B93675999",
        "Con ánimo de lucro":null,
        "Modalidad":"No Presencial",
        "Administración Educativa Responsable":"Comunidad Autónoma de Andalucía",
        "Domicilio":"Calle de Marie Curie, 1",
        "Código postal":29590.0,
        "Localidad":"Campanillas",
        "Municipio":"Málaga",
        "Provincia":"Málaga",
        "Comunidad Autónoma":"Comunidad Autónoma de Andalucía",
        "URL":"utamed.es\/",
        "EMail":"info@utamed.es",
        "Teléfono 1":"951 746 867",
        "Tipo Boletín":"Boletín Oficial de la Junta de Andalucía",
        "Año publicación":2023,
        "Tipo disposición":"Ley Autonómica",
        "Fecha disposición":"2023-10-03",
        "Fecha publicación":"2023-10-09",
        "Fecha entrada en Vigor":"2023-10-10"
    },
    {
        "Universidad":"Universidad Tecnológica de las Islas Canarias",
        "Código":104,
        "Acrónimo":null,
        "Tipo":"Privada",
        "CIF":"B16382814",
        "Con ánimo de lucro":null,
        "Modalidad":"No Presencial",
        "Administración Educativa Responsable":"Comunidad Autónoma de Canarias",
        "Domicilio":"Avenida De Taco núm. 164",
        "Código postal":38108.0,
        "Localidad":"San Cristóbal de la Laguna",
        "Municipio":"San Cristóbal de La Laguna",
        "Provincia":"Santa Cruz de Tenerife",
        "Comunidad Autónoma":"Comunidad Autónoma de Canarias",
        "URL":null,
        "EMail":null,
        "Teléfono 1":null,
        "Tipo Boletín":"Boletín Oficial de Canarias",
        "Año publicación":2024,
        "Tipo disposición":"Ley Autonómica",
        "Fecha disposición":"2024-04-16",
        "Fecha publicación":"2024-04-29",
        "Fecha entrada en Vigor":"2024-04-30"
    },
    {
        "Universidad":"Universitat Abat Oliba CEU",
        "Código":70,
        "Acrónimo":"UAO",
        "Tipo":"Privada",
        "CIF":"G63095848",
        "Con ánimo de lucro":"No",
        "Modalidad":"Presencial",
        "Administración Educativa Responsable":"Comunidad Autónoma de Cataluña",
        "Domicilio":"Calle Bellesguard, 30",
        "Código postal":8022.0,
        "Localidad":"Barcelona",
        "Municipio":"Barcelona",
        "Provincia":"Barcelona",
        "Comunidad Autónoma":"Comunidad Autónoma de Cataluña",
        "URL":"www.uao.es",
        "EMail":"info@uao.es",
        "Teléfono 1":"932540900",
        "Tipo Boletín":"Diari Oficial de la Generalitat de Catalunya",
        "Año publicación":2003,
        "Tipo disposición":"Ley Estatal",
        "Fecha disposición":"2003-07-14",
        "Fecha publicación":"2003-07-14",
        "Fecha entrada en Vigor":"2003-07-15"
    },
    {
        "Universidad":"Universitat de Girona",
        "Código":43,
        "Acrónimo":"UDG",
        "Tipo":"Pública",
        "CIF":"Q6750002E",
        "Con ánimo de lucro":"No",
        "Modalidad":"Presencial",
        "Administración Educativa Responsable":"Comunidad Autónoma de Cataluña",
        "Domicilio":"Plaza Sant Domènec, 3. Edificio Les Àligues",
        "Código postal":17004.0,
        "Localidad":"Girona",
        "Municipio":"Girona",
        "Provincia":"Girona",
        "Comunidad Autónoma":"Comunidad Autónoma de Cataluña",
        "URL":null,
        "EMail":"informacio@udg.edu",
        "Teléfono 1":"972418046",
        "Tipo Boletín":"Boletín Oficial del Estado",
        "Año publicación":1992,
        "Tipo disposición":"Ley Estatal",
        "Fecha disposición":"1992-03-03",
        "Fecha publicación":"1992-03-03",
        "Fecha entrada en Vigor":"1992-03-04"
    },
    {
        "Universidad":"Universitat de les Illes Balears",
        "Código":3,
        "Acrónimo":"UIB",
        "Tipo":"Pública",
        "CIF":"Q0718001A",
        "Con ánimo de lucro":"No",
        "Modalidad":"Presencial",
        "Administración Educativa Responsable":"Comunidad Autónoma de las Illes Balears",
        "Domicilio":"Carretera de Valldemossa, km 7.5",
        "Código postal":7122.0,
        "Localidad":"Palma",
        "Municipio":"Palma",
        "Provincia":"Illes Balears",
        "Comunidad Autónoma":"Comunidad Autónoma de las Illes Balears",
        "URL":"www.uib.es\/",
        "EMail":"informacio@uib.es",
        "Teléfono 1":"971173000",
        "Tipo Boletín":"Boletín Oficial del Estado",
        "Año publicación":1978,
        "Tipo disposición":"Ley Estatal",
        "Fecha disposición":"1978-03-18",
        "Fecha publicación":"1978-03-18",
        "Fecha entrada en Vigor":"1978-03-19"
    },
    {
        "Universidad":"Universitat de València (Estudi General)",
        "Código":18,
        "Acrónimo":"UV",
        "Tipo":"Pública",
        "CIF":"Q4618001D",
        "Con ánimo de lucro":"No",
        "Modalidad":"Presencial",
        "Administración Educativa Responsable":"Comunidad Valenciana",
        "Domicilio":"Avenida Blasco Ibáñez, 13",
        "Código postal":46010.0,
        "Localidad":"Valencia",
        "Municipio":"València",
        "Provincia":"Valencia\/València",
        "Comunidad Autónoma":"Comunidad Valenciana",
        "URL":"www.uv.es",
        "EMail":"servei.estudiants@uv.es",
        "Teléfono 1":"963864100",
        "Tipo Boletín":"No publicado o Publicación desconocida",
        "Año publicación":1502,
        "Tipo disposición":"No consta",
        "Fecha disposición":"1502-01-01",
        "Fecha publicación":"1502-01-01",
        "Fecha entrada en Vigor":"1502-01-02"
    },
    {
        "Universidad":"Universitat Internacional de Catalunya",
        "Código":62,
        "Acrónimo":"UIC",
        "Tipo":"Privada",
        "CIF":"G61737409",
        "Con ánimo de lucro":"No",
        "Modalidad":"Presencial",
        "Administración Educativa Responsable":"Comunidad Autónoma de Cataluña",
        "Domicilio":"Calle Inmaculada, 22",
        "Código postal":8017.0,
        "Localidad":"Barcelona",
        "Municipio":"Barcelona",
        "Provincia":"Barcelona",
        "Comunidad Autónoma":"Comunidad Autónoma de Cataluña",
        "URL":"www.uic.es",
        "EMail":null,
        "Teléfono 1":"932541800",
        "Tipo Boletín":"Diari Oficial de la Generalitat de Catalunya",
        "Año publicación":1997,
        "Tipo disposición":"Ley Estatal",
        "Fecha disposición":"1997-10-02",
        "Fecha publicación":"1997-10-02",
        "Fecha entrada en Vigor":"1997-10-03"
    },
    {
        "Universidad":"Universitat Internacional Valenciana",
        "Código":76,
        "Acrónimo":"VIU",
        "Tipo":"Privada",
        "CIF":"B98585797",
        "Con ánimo de lucro":"No",
        "Modalidad":"No Presencial",
        "Administración Educativa Responsable":"Comunidad Valenciana",
        "Domicilio":"Calle Pintor Sorolla, 21",
        "Código postal":46002.0,
        "Localidad":"Valencia",
        "Municipio":"València",
        "Provincia":"Valencia\/València",
        "Comunidad Autónoma":"Comunidad Valenciana",
        "URL":"www.viu.es",
        "EMail":"estudios@campusviu.es",
        "Teléfono 1":"961924950",
        "Tipo Boletín":"Diari Oficial de la Generalitat Valenciana",
        "Año publicación":2008,
        "Tipo disposición":"Ley Autonómica",
        "Fecha disposición":"2008-06-13",
        "Fecha publicación":"2008-06-19",
        "Fecha entrada en Vigor":"2008-06-20"
    },
    {
        "Universidad":"Universitat Oberta de Catalunya",
        "Código":54,
        "Acrónimo":"UOC",
        "Tipo":"Privada",
        "CIF":"G60667813",
        "Con ánimo de lucro":"No",
        "Modalidad":"No Presencial",
        "Administración Educativa Responsable":"Comunidad Autónoma de Cataluña",
        "Domicilio":"Avenida Tibidabo, 39-43",
        "Código postal":8035.0,
        "Localidad":"Barcelona",
        "Municipio":"Barcelona",
        "Provincia":"Barcelona",
        "Comunidad Autónoma":"Comunidad Autónoma de Cataluña",
        "URL":"www.uoc.es",
        "EMail":null,
        "Teléfono 1":"902372373",
        "Tipo Boletín":"Boletín Oficial del Estado",
        "Año publicación":1995,
        "Tipo disposición":"Ley Estatal",
        "Fecha disposición":"1995-06-22",
        "Fecha publicación":"1995-06-22",
        "Fecha entrada en Vigor":"1995-06-23"
    },
    {
        "Universidad":"Universitat Politècnica de València",
        "Código":27,
        "Acrónimo":"UPV",
        "Tipo":"Pública",
        "CIF":"Q4618002B",
        "Con ánimo de lucro":"No",
        "Modalidad":"Presencial",
        "Administración Educativa Responsable":"Comunidad Valenciana",
        "Domicilio":"Camino de Vera, s\/n.  Edificio 3A",
        "Código postal":46022.0,
        "Localidad":"Valencia",
        "Municipio":"València",
        "Provincia":"Valencia\/València",
        "Comunidad Autónoma":"Comunidad Valenciana",
        "URL":"www.upv.es",
        "EMail":"informacion@upv.es",
        "Teléfono 1":"963877000",
        "Tipo Boletín":"Boletín Oficial del Estado",
        "Año publicación":1971,
        "Tipo disposición":"Decreto",
        "Fecha disposición":"1971-03-26",
        "Fecha publicación":"1971-03-26",
        "Fecha entrada en Vigor":"1971-03-27"
    }
]